id,name,username,bio,location,url,join_date,join_time,tweets,following,followers,likes,media,private,verified,avatar
150112185,David Weisman,dwxyz,"Done security here, there, all over. Opinions are mine, all mine!",Around,None,30 May 2010,8:30 PM,2216,69,59,52,76,false,false,https://pbs.twimg.com/profile_images/945594936/star1_400x400.png
97242169,Ghanaim Blah,_kenaim,VISUALS. MOTIONFANTASY GLOB PHX,Phoenix AZ,http://www.kenaim.com,16 Dec 2009,8:32 AM,2573,429,419,7761,189,false,false,https://pbs.twimg.com/profile_images/898089110501380096/khHp5yz8_400x400.jpg
113545676,Martin Sweeney,MxSweeney,"Filmmaker of Silicon Valley satires #Bubbleproof #CITalkumentary #Femtofilm. Screenwriter for Warner Bros, Sony, others. Creative Director for hire.","San Francisco, California USA",http://bubbleproof.tv,11 Feb 2010,8:49 PM,3881,511,548,5740,406,false,false,https://pbs.twimg.com/profile_images/976452091718717440/BSHuSaLy_400x400.jpg
21672394,peter ruprecht,peter_ruprecht,Born in Buenos Aires in 1976.  An Ivy league graduate from Dartmouth.  Peter is now an award winning photographer.@peterruprecht instagram,New York,http://www.ruprechtstudios.com,23 Feb 2009,9:38 AM,2152,119,37517,8366,571,false,false,https://pbs.twimg.com/profile_images/378800000236077252/59c7735507da7b657541570762cbeb1f_400x400.jpeg
129949352,Federico Cartas,FedeCartas,,MEXA,None,5 Apr 2010,3:05 PM,4628,283,597,33,408,false,false,https://pbs.twimg.com/profile_images/3574319087/9b8810e70511c8fafbd0ea6d63f42c58_400x400.jpeg
551809668,DiegoAngEscobar,DiegoAngEscobar,"Music and Art beetween Italy, New York and Mexico",Mexico City,https://soundcloud.com/concretmusic,12 Apr 2012,3:04 AM,1746,262,3541,71,23,false,false,https://pbs.twimg.com/profile_images/423487398240997376/CPi2iPG5_400x400.jpeg
4356430036,)))David Cross(((,davidcrosss,,,http://www.officialdavidcross.com,2 Dec 2015,5:36 PM,7062,295,142469,74430,161,false,true,https://pbs.twimg.com/profile_images/988419003289821186/db9vO21V_400x400.jpg
1137701,David Sacks,DavidSacks,"Founder who backs founders through @craft_ventures. Previously: Created two unicorns, invested in a dozen more. Occasional movie producer.",San Francisco,None,13 Mar 2007,9:14 PM,2912,1933,73621,3657,53,false,true,https://pbs.twimg.com/profile_images/502336796601380864/84Rme0dF_400x400.jpeg
28365524,Axel Boman,AxelBoman,AXEL BOMAN STUDIO BARNHUS book me! annabelle@pamparecords.com,Stockholm,http://www.soundcloud.com/axelboman,2 Apr 2009,9:13 AM,99,96,6023,22,4,false,false,https://pbs.twimg.com/profile_images/771453941104119808/Ghlp1KmG_400x400.jpg
47131198,Jen Lewin,jenlewin,"Large, playful, immersive, interactive art pieces for the public.",,http://www.jenlewinstudio.com,14 Jun 2009,10:21 AM,519,130,636,196,182,false,false,https://pbs.twimg.com/profile_images/728772651309772801/-4X0aGvO_400x400.jpg
98242963,Gaby Vargas,gaby_vargas,Conferencista. 15 best sellers. HeartMath C. Trainer. Enneagram C. Coach. Fundadora Fund. Marillac AC y Fund. Bal√≥n X Valor. gaby@gabyvargas.com,"Mexico, D.F.",http://www.gabyvargas.com,20 Dec 2009,4:49 PM,10387,581,631817,1961,556,false,true,https://pbs.twimg.com/profile_images/730090066895233024/ve-EitZd_400x400.jpg
60942888,Thievery Corporation,ThieveryCorpDC,Official Twitter of Thievery Corporation. Rob Garza (@robgarzamusic) + Eric Hilton,,https://thieverycorporation.com,28 Jul 2009,9:07 AM,2766,678,31018,1761,546,false,true,https://pbs.twimg.com/profile_images/986649957288493056/Fs61uy8S_400x400.jpg
62959966,tmophoto,tmophoto,I do things and make stuff.,"Aspen, CO",http://www.tmophoto.com,4 Aug 2009,4:15 PM,2689,404,4712,829,411,false,false,https://pbs.twimg.com/profile_images/2411431564/aux70u03iv4to2zlxjfz_400x400.jpeg
28253492,DJ Heidi Lawden,DJHeidiLawden,True original just like everybody else. I play music on http://dublab.com¬† in disco's and darkened warehouses. insta/snap/FB DJ Heidi Lawden,UK/LA  ,https://www.facebook.com/DJHeidiLawden/,1 Apr 2009,6:51 PM,8527,1431,2843,18274,586,false,false,https://pbs.twimg.com/profile_images/937840101974876160/RUO-sEdQ_400x400.jpg
18649750,Marian Goodell,mariangoodell,"Burning Man Cat Herder, Motorcyclist, WOW-ist, Cat-ist,",usually San Francisco!,http://www.burningman.com/whatisburningman/people/project_bio.html#marian,5 Jan 2009,2:43 PM,79,104,1705,10,0,false,false,https://pbs.twimg.com/profile_images/96288381/meow_400x400.jpg
1004031631,Porn Edits,PornEdits,It's safe for work!,,http://pornsfw.com,11 Dec 2012,5:18 AM,1041,150,332138,22,0,false,false,https://pbs.twimg.com/profile_images/3403319126/b28fa01ca2e2de2124b2f921d5244189_400x400.jpeg
39374844,Holder,Holder00,,,http://www.soundcloud.com/GoodManners,11 May 2009,4:35 PM,2712,105,380,381,48,false,false,https://pbs.twimg.com/profile_images/551809899/Holder122_400x400.jpg
418533356,David August,davidaugustx,,Berlin,http://www.facebook.com/davidaugustmusic,22 Nov 2011,12:52 AM,219,139,5119,259,48,false,false,https://pbs.twimg.com/profile_images/964161927806111744/04XRruY2_400x400.jpg
2301970124,J√∂rg,j0_ru,professional amateur | falsificationist | pope | @technikmuseum_b,,None,20 Jan 2014,12:19 PM,473,145,82,323,73,false,false,https://pbs.twimg.com/profile_images/607183210964000768/LtQ3mGcw_400x400.jpg
16122268,ùô±ùöéùöó ùô∂ùöûùöíùöïùöç,benguild,Dude with a blog. And a @YouTube. ü§∑üèº‚Äç‚ôÇÔ∏è,,https://benguild.com,3 Sep 2008,5:26 PM,7901,484,2175,7145,844,false,false,https://pbs.twimg.com/profile_images/500529737656061953/ySMePLuQ_400x400.png
692023,bill lee,westcoastbill,@craft_ventures cofounder/GP/investor (@cloud9 @spacex @harbor @tesla @bitgo). cardboard fan. ethos: you are as good as your last deal.,Ether,http://www.craftventures.com,23 Jan 2007,10:20 PM,2402,497,36765,4502,189,false,false,https://pbs.twimg.com/profile_images/969377822669119488/vW-vcNx5_400x400.jpg
58550415,Charlie Rose,charlierose,"Executive editor and host of @CharlieRoseShow and Charlie Rose The Week, co-host of @CBSThisMorning. Engaging the world's best minds.",New York ,http://www.charlierose.com,20 Jul 2009,11:34 AM,2457,661,187115,89,86,false,true,https://pbs.twimg.com/profile_images/323346539/CR_Photo_400x400.JPG
41814169,Fareed Zakaria,FareedZakaria,WaPo columnist. Host of CNN's GPS: Sunday @ 10am and 1pm ET in the U.S. Subscribe to my newsletter at http://cnn.it/globalbriefing¬†. Retweets are not endorsements.,"New York, NY",http://www.cnn.com/shows/fareed-zakaria-gps,22 May 2009,6:46 AM,7637,419,919465,545,212,false,true,https://pbs.twimg.com/profile_images/1908405372/FZ_BW_400x400.jpg
133188015,Adeo Ressi,adeoressi,"CEO @ http://FI.co¬†, 10x entrepreneur, startup mentor, space geek and visionary","Palo Alto, California",http://fi.co,14 Apr 2010,11:50 PM,1161,88,14313,617,182,false,false,https://pbs.twimg.com/profile_images/1042558202540306432/a_avi_Gv_400x400.jpg
16689804,Khan Academy,khanacademy,"Working to make a free, world-class education available for anyone, anywhere. http://khanacademy.org¬†","Mountain View, CA",http://khanacademy.org,10 Oct 2008,3:11 PM,3988,403,651582,10428,770,false,true,https://pbs.twimg.com/profile_images/1021871312195612673/MlailSlw_400x400.jpg
42721371,Bryn,brynmooser,,Banjul,None,26 May 2009,2:10 PM,6906,113,17069,379,655,false,true,https://pbs.twimg.com/profile_images/992251706816655360/YJygLqkl_400x400.jpg
11178902,The New York Review of¬†Books,nybooks,‚ÄòThe premier literary-intellectual magazine in the English language.‚Äô,New York,http://www.nybooks.com,14 Dec 2007,1:50 PM,12542,638,2277901,5903,396,false,true,https://pbs.twimg.com/profile_images/542326799699439616/IdpFSv8a_400x400.png
22677790,Jon Favreau,Jon_Favreau,actor/writer/director,Hollywood,None,3 Mar 2009,12:55 PM,3861,229,1920029,298,349,false,true,https://pbs.twimg.com/profile_images/809883338873839616/4PGFZ7OX_400x400.jpg
344538987,Talulah Riley,TalulahRiley,Actress/Writer. Instagram: @talulahrm,"London, England",None,28 Jul 2011,11:17 PM,2086,413,29035,1669,169,false,true,https://pbs.twimg.com/profile_images/526472073162403840/jjRBS--d_400x400.jpeg
175624200,John Carmack,ID_AA_Carmack,Oculus VR CTO,"Dallas, TX",http://www.oculus.com,6 Aug 2010,8:40 PM,11024,180,853987,1682,130,false,true,https://pbs.twimg.com/profile_images/1106497789/aa_icon_option_2_400x400.jpg
17248121,Phys.org,physorg_com,"Science news, Technology news. Physics, Space, Biology, Chemistry, Engineering, Math, Electronics, Nanotechnology, Materials, Computers, Health, Earth Science.",,http://phys.org/,8 Nov 2008,12:54 AM,104500,162,701719,10386,285,false,true,https://pbs.twimg.com/profile_images/555400719478444032/ky9g4wh6_400x400.png
22461427,Al Yankovic,alyankovic,"You know... the ""Eat It"" guy.",Los Angeles,http://weirdal.com,1 Mar 2009,11:00 PM,3879,583,5163135,3853,991,false,true,https://pbs.twimg.com/profile_images/246073324/IL2_400x400.jpg
40763500,Dj Tennis,dj_tennis,I run things,"Miami, FL",http://www.facebook.com/tennisdj,17 May 2009,4:43 PM,3850,959,16913,3969,620,false,false,https://pbs.twimg.com/profile_images/427860727/upsky_400x400.jpg
1260860232,Zombies in Miami,ZombiesinMiami,"Zombies in Miami  Releases in: Correspondant, Comeme, Love on the Rocks, Kompakt. https://soundcloud.com/zombiesinmiami¬†  Booking Europe: alberto@orchid-am.com",Mexico,http://soundcloud.com/zombiesinmiami,11 Mar 2013,7:07 PM,304,526,1605,478,7,false,false,https://pbs.twimg.com/profile_images/715772020580081664/_JzVGmwC_400x400.jpg
14819216,Thugfucker,Thugfucker,Troublemaker extraordinaire.,,http://thugfucker.org,18 May 2008,1:52 AM,3176,381,12478,1205,54,false,false,https://pbs.twimg.com/profile_images/957685907313909761/W_YEypkQ_400x400.jpg
2146141,Danny Trinh,dtrinh,"Building @Sensei, once built @getonfree @path @digg ¬∑ borderline autotelic","Venice, LA (but ideally Tosca SF)",http://yourepretty.cool,24 Mar 2007,6:01 PM,17237,1341,15266,24916,967,false,true,https://pbs.twimg.com/profile_images/734824943611838464/X1lN8lZ-_400x400.jpg
352015061,SecKC,sec_kc,Monthly infosec conference at Kanza Hall on the second Tuesday of the month.,,https://seckc.org,9 Aug 2011,6:20 PM,653,7,948,83,52,false,false,https://pbs.twimg.com/profile_images/730083710217785344/TvCBUPUq_400x400.jpg
259379883,Charlie Sheen,charliesheen,"Actor, Producer, #Winner",,http://www.sheenius.com,1 Mar 2011,12:09 PM,2271,185,11492001,939,673,false,true,https://pbs.twimg.com/profile_images/751591861127491584/l1swjFY4_400x400.jpg
19058681,ashton kutcher,aplusk,"I build things, stories, companies, collaborations of thoughts, dreams, & believe in a future where we all have a right to pursue happiness.","Los Angeles, California",http://facebook.com/ashton,15 Jan 2009,11:40 PM,10038,780,18022686,631,666,false,true,https://pbs.twimg.com/profile_images/882152508134739968/8vihmn9W_400x400.jpg
16303106,Stephen Colbert,StephenAtHome,the guy on CBS,,None,15 Sep 2008,3:31 PM,5996,53,18279214,5,517,false,true,https://pbs.twimg.com/profile_images/627669832549441536/hv1AMpO0_400x400.jpg
27457788,Kevin Spacey,KevinSpacey,Former shoe salesman now making a go at film and theater.,London - NYC - LA,http://www.kevinspacey.com,29 Mar 2009,9:55 AM,2087,49,4509676,15,226,false,true,https://pbs.twimg.com/profile_images/877952436526362626/CuCSnu0U_400x400.jpg
57084769,Ed Helms,edhelms,"At parties, you'll probably find me over by the guacamole.","Los Angeles, CA",http://www.facebook.com/EdHelmsOfficial,15 Jul 2009,10:53 AM,759,487,1063463,1152,171,false,true,https://pbs.twimg.com/profile_images/1044657514543869953/5WutZnk3_400x400.jpg
155864272,Will Ferrell,WiIIFerrelI,(I am NOT Will Ferrell ~ This is a parody account ~ Not in any way affiliated with the actor Will Ferrell) Business: y_u_nooo@yahoo.com,,None,15 Jun 2010,3:40 AM,20473,96,343086,580,152,false,false,https://pbs.twimg.com/profile_images/3605707357/957bdf2bdd1d884cf8bfcbc113b72e81_400x400.jpeg
559313958,Retarded Mom,THERETARDEDM0M,A cougar?... I'm not that scary am I?,,None,20 Apr 2012,10:37 PM,1243,35,55134,230,3,false,false,https://pbs.twimg.com/profile_images/548510385246986240/BEaVTudr_400x400.png
1132994426,Bill Murray,BiIIMurray,I AM NOT BILL MURRAY. This is a parody account. This account is not in any way affiliated with the actor Bill Murray.,Everywhere,None,29 Jan 2013,9:01 PM,10456,19,511707,1,150,false,false,https://pbs.twimg.com/profile_images/3240741454/9080e76653a80e43ae2058432bc76806_400x400.jpeg
2281273662,Sr.Pago,SrPagoOficial,Sr.Pago es el dispositivo que te permite recibir pagos con tarjetas de cr√©dito y d√©bito desde tu smartphone. Solic√≠talo al 01800 710 21 27,www.facebook.com/Srpago,https://senorpago.com/,7 Jan 2014,3:05 PM,1095,1235,1488,260,426,false,false,https://pbs.twimg.com/profile_images/1065263498869989377/DYK5GWTp_400x400.jpg
1604032111,Terrible Networker,BadAtNetworking,I got my CCNA in like two weeks so yeah I'm pretty good. I run a datacenter for some kind of bank I think.,,None,18 Jul 2013,11:06 AM,332,11,9270,6,5,false,false,https://pbs.twimg.com/profile_images/544912384691683328/1EMUoFzZ_400x400.jpeg
1666038950,Bored Elon Musk,BoredElonMusk,Thoughts and inventions from Elon in his downtime. This is a futuristic hyper-PARODY account.üöÄEmail me: boredelon(at)gmail,Mars,None,12 Aug 2013,2:08 PM,1534,2185,1689056,14101,193,false,false,https://pbs.twimg.com/profile_images/378800000305778238/852d2f76797dbe1da82095f988d38fbe_400x400.png
6541402,Dave Attell,attell,Comedian,New York,http://www.daveattell.com,3 Jun 2007,6:32 AM,1899,406,372506,8603,333,false,true,https://pbs.twimg.com/profile_images/474268544096432128/hE5081gb_400x400.jpeg
104969057,Ian McKellen,IanMcKellen,actor and activist,"London, UK",http://www.McKellen.com,14 Jan 2010,3:29 PM,2101,681,3982058,166,494,false,true,https://pbs.twimg.com/profile_images/1023949264559398913/XXzfTTpR_400x400.jpg
602317143,Patrick Stewart,SirPatStew,,,None,7 Jun 2012,2:59 PM,1229,210,3219769,623,440,false,true,https://pbs.twimg.com/profile_images/790573246596931586/V8uV5TcL_400x400.jpg
36843988,TED News,TEDNews,News from #TED and its global community of passionate thinkers. Follow @TEDTalks for daily talks and ideas.,"New York, NY",http://www.ted.com,30 Apr 2009,6:32 PM,13068,17351,937737,1272,456,false,true,https://pbs.twimg.com/profile_images/3279174286/5de7d7794205fc0ba09bdf54e6c16707_400x400.png
312860399,h. jon benjamin,HJBenjamin,"i am 5'6, maybe 5'5 and 1/2. check this shit out -https://www.penguinrandomhouse.com/books/558430/failure-is-an-option-by-h-jon-benjamin/9781524742164/¬†‚Ä¶",new york state,None,7 Jun 2011,12:45 PM,3076,343,247723,5061,326,false,true,https://pbs.twimg.com/profile_images/1022930424455225345/6QSTs8c7_400x400.jpg
23879955,blond ish,blond_ish,not all dumbs are blonde http://www.facebook.com/blondish¬† http://www.instagram.com/blondishmusic¬† http://www.soundcloud.com/blondish¬†,"√úT: -6.150754,106.879144",http://www.blond-ish.com,11 Mar 2009,7:42 PM,6623,931,7874,1599,671,false,false,https://pbs.twimg.com/profile_images/967091227467374592/NnTbnB7m_400x400.jpg
86064583,Tom Field,SecurityEditor,"VP of Editorial at @ISMG_News, the source for business/security insights.","Exeter, NH",http://bankinfosecurity.com,29 Oct 2009,6:19 AM,6762,926,5756,60,772,false,false,https://pbs.twimg.com/profile_images/474098612473847808/sAWk0EWU_400x400.jpeg
16739601,Jaanus Torp,jnsaff,DevOps,,http://jaanus.saun.ee,14 Oct 2008,8:26 AM,653,208,244,41,52,false,false,https://pbs.twimg.com/profile_images/1742672369/400081_2925407384178_1530704370_32925587_1914620643_n_400x400.jpeg
40091092,BankInfoSecurity,BnkInfoSecurity,"http://BankInfoSecurity.com¬† brings you the most up-to-date #infosec, compliance and fraud news affecting Financial Institutions. Part of the @ISMG_News network.","Princeton, N.J.",http://www.bankinfosecurity.com,14 May 2009,2:34 PM,6835,988,8507,409,754,false,false,https://pbs.twimg.com/profile_images/778297510955585536/Z_fy9SR6_400x400.jpg
145323603,Tracy Kitten,FraudBlogger,"Tracy Kitten is an Executive Editor for http://BankInfoSecurity.com¬†, a media site dedicated to news and views on information security, risk management and privacy.","Princeton, N.J.",http://blogs.bankinfosecurity.com/blogs.php?blogID=18,18 May 2010,10:47 AM,4644,686,7167,76,688,false,false,https://pbs.twimg.com/profile_images/378800000482866187/bcd521bcf69206abc6eae41ffbf674f9_400x400.png
129939890,Marketplace Tech üéôÔ∏è,MarketplaceTech,"Every day, @MollyWood helps you understand the tech that's rewiring our lives. On your üì± and on your üìª too.",,http://marketplacetech.org,5 Apr 2010,2:30 PM,10890,1882,20596,1360,876,false,false,https://pbs.twimg.com/profile_images/904861956850409472/w19FynoL_400x400.jpg
300637864,Cloudflare Developers,CloudflareDev,"Have questions about Cloudflare Apps, Mobile SDK, or Workers? We're here to help. If you need other help with your account try @CloudflareHelp","San Francisco, CA, USA",http://developers.cloudflare.com,17 May 2011,8:09 PM,209,40,4307,32,5,false,false,https://pbs.twimg.com/profile_images/991779658147377152/ESp67BNN_400x400.jpg
595344663,Nexusguard,Nexusguard,360 Degree DDoS Protection for Our Modern World. #infosec #cybersecurity,San Francisco,http://nexusguard.com,31 May 2012,12:21 AM,2073,930,1483,997,953,false,false,https://pbs.twimg.com/profile_images/937513167386697728/bQYwoU6W_400x400.jpg
217138760,Ina Maria,iaminamaria,Documentary filmmaker. Video producer. Photographer. Warrior. SF // Norway,San Francisco,http://www.inamaria.com,18 Nov 2010,9:55 AM,471,503,401,293,111,false,false,https://pbs.twimg.com/profile_images/634935765252751360/9xOKmQr2_400x400.jpg
59825798,SF Burning Man,BMSFAnnounce,San Francisco Announce List for Burning Man,San Francisco,None,24 Jul 2009,9:35 AM,50,96,2435,1,2,false,false,https://pbs.twimg.com/profile_images/511775478420492288/-s-JeIJv_400x400.jpeg
397507908,Ken Burns,KenBurns,,,None,24 Oct 2011,12:48 PM,3384,321,117462,1112,243,false,true,https://pbs.twimg.com/profile_images/728330310669242370/Sed4NQR9_400x400.jpg
33099864,defcon parties @ cancelled,defconparties,Your SOURCE of info for PARTIES AT DEFCON!,"Underground Bunker, Las Vegas",http://18.defconparties.com/dcp,18 Apr 2009,7:30 PM,2788,8434,18919,1526,228,false,false,https://pbs.twimg.com/profile_images/764873653141901312/lh_VGSk8_400x400.jpg
1328181356,Cr|ms0n,Crims0n82,To fight and conquer in all our battles is not supreme excellence; supreme excellence consists in breaking the enemy's resistance without fighting.  ‚Äï Sun Tzu,,None,4 Apr 2013,6:50 PM,837,536,559,284,86,false,false,https://pbs.twimg.com/profile_images/416923721488539650/dbIj2bZH_400x400.jpeg
558088147,anon hero,anonjack44,"Anonymous activist                                 #OpFunKill, #OPDMV #OpSochi #TheDayWeFightBack #OpRussia #OpAlbuquerque",internet ,https://www.facebook.com/pages/Anon-hero/1466778003545536,19 Apr 2012,2:48 PM,6623,1782,560,4392,305,false,false,https://pbs.twimg.com/profile_images/425663992858566656/q32hb3jT_400x400.png
1014125275,Daisuke Dan,Daisuke_Dan,"‚å¨ Daisuke Dan - Retired Underground Hacker, Penetration Tester, Security Analyst, Vulnerability Researcher in WebApp Security & Web Designer. #Ninja",,http://nsa.gov,15 Dec 2012,3:31 PM,12084,376,4453,714,0,false,false,https://pbs.twimg.com/profile_images/555137796197736449/5sWYS4Up_400x400.jpeg
219853309,AntiSec @mastodon.social,anon_baderna,"anti-imperialist, a pirate of the deep web, someone who is tired of injustice and alienation. acting on the internet and on the streets. #anonymous Brazil",You cannot arrest an idea.,http://www.anonymousbrasil.com/,25 Nov 2010,6:16 PM,4967,32,1223,50,67,false,false,https://pbs.twimg.com/profile_images/960561132254752768/l1ZlyIBl_400x400.jpg
2286188232,Malink0,_maLink0,"The  #European Cyber Army  | Hacker, Exploiter, Programmer.",#ECA,http://www.europeancyberarmy.com,10 Jan 2014,10:21 PM,236,101,152,4,23,false,false,https://pbs.twimg.com/profile_images/426772291473506304/5X2Losrc_400x400.jpeg
823963290,European Cyber Army,ECA_Legion,Freedom is the price we all pay... esercitoeuropeocyber@gmail.com,European Union,None,14 Sep 2012,1:46 PM,919,31,2082,92,135,false,false,https://pbs.twimg.com/profile_images/433798770435063808/K2Zl4_kT_400x400.jpeg
291881151,FreeNAS Community,freenas,The Official #FreeNAS Team Twitter Stream. Follow us for everything FreeNAS related!,"San Jose, CA",http://www.freenas.org,2 May 2011,12:23 PM,3107,176,11348,1599,426,false,true,https://pbs.twimg.com/profile_images/1070495917633990656/RUTO3H65_400x400.jpg
19921289,RootBSD,RootBSD,"Colocation, VPS, dedicated bare metal, and more in all global markets. Deploy FreeBSD instantly via web portal. Full root access. FreeBSD expert 24x7 support.","NC, USA",http://www.netactuate.com,2 Feb 2009,10:32 AM,590,159,1999,59,29,false,false,https://pbs.twimg.com/profile_images/1026843564272234499/05eHdvTO_400x400.jpg
50052513,FreeBSD Foundation,freebsdfndation,The FreeBSD Foundation is a 501(c)(3) non-profit organization dedicated to supporting the FreeBSD Project.,,http://www.freebsdfoundation.org,23 Jun 2009,11:12 AM,1394,52,12417,636,66,false,true,https://pbs.twimg.com/profile_images/1067791914617970688/OgwtQn7l_400x400.jpg
72398669,BSD News,bsdnewsnetwork,"If it happens in the BSD Universe then we report it! FreeBSD, OpenBSD, NetBSD, Mac OS X, and DragonflyBSD","NY, NY",http://www.bsdnews.net,7 Sep 2009,3:23 PM,2987,38,2447,4,2,false,false,https://pbs.twimg.com/profile_images/403695111/bsd_logo_400x400.png
240419822,OpenBSD Journal,openbsdjournal,,,http://undeadly.org/,19 Jan 2011,2:03 PM,770,15,5489,6,2,false,false,https://pbs.twimg.com/profile_images/1220268477/ppuf300X272_400x400.gif
23179955,FreeBSD Bytes,freebsdbytes,"Eating into the server world. Bite by bite, byte by byte, server by server. Unofficial #FreeBSD account.  Contact: freebsdbytes@gmail.com",,http://www.freebsdbytes.com,7 Mar 2009,1:16 AM,3750,785,7427,2513,80,false,false,https://pbs.twimg.com/profile_images/1411603452/freebsd-logo_bigger_400x400.png
22568491,BSDCan,BSDCan,The BSD Conference,"Ottawa, ON, Canada",http://bsdcan.org/,2 Mar 2009,5:52 PM,4680,12,3826,328,111,false,false,https://pbs.twimg.com/profile_images/86424266/bsdcan-beastie-flag-square_400x400.jpg
550852993,FreeBSD Help,FreeBSDHelp,"FreeBSD Help, Support, Tips & Advice. @FreeBSD News & Updates. Newbies & veterans welcome. Ask us anything! Tweets by @koobs",Anywhere!,None,11 Apr 2012,2:47 AM,16572,973,5124,744,332,false,false,https://pbs.twimg.com/profile_images/2100566055/freebsdhelp_400x400.png
141333525,Internet of Things,TheIoT,"The best source of #IoT news, by @JamesChevalier - weekly email: http://weekly.alltheinternetofthings.com¬† - search: https://alltheinternetofthings.com/explore¬†",,https://alltheinternetofthings.com/,7 May 2010,1:20 PM,174550,623,92913,84329,55,false,false,https://pbs.twimg.com/profile_images/692535181283061761/1hSF3Nhc_400x400.png
19238658,Jay Applewhite,jayapplewhite,"Latin America Business Development, Energy, Mining, Infrastructure, Telecom and Banking.","Austin, Texas",http://www.mexicoshalesummit.com,20 Jan 2009,6:33 AM,480,320,283,4,9,false,false,https://pbs.twimg.com/profile_images/421022966780928000/aXEqWtOt_400x400.jpeg
24253645,The Debian Project,debian,"The Universal Operating System; run by @raphaelhertzog, @paultag, @dasnorwood, @zobelhelas (PS: twitter is not endorsed by Debian)",The,http://debian.org,13 Mar 2009,2:03 PM,2591,4988,176453,310,38,false,true,https://pbs.twimg.com/profile_images/919072984022822913/RUZ1R5Ik_400x400.jpg
8633582,Linux,Linux,The latest buzz from the Linux world...,Antarctica,https://twitter.com/ekushey,3 Sep 2007,5:16 PM,1589,18440,246889,268,14,false,false,https://pbs.twimg.com/profile_images/885496838563823616/041cYVio_400x400.jpg
36169856,Nir Zuk,nirzuk,Founder and CTO at Palo Alto Networks,"Palo Alto, CA",None,28 Apr 2009,1:17 PM,102,3,2239,1,0,false,false,https://pbs.twimg.com/profile_images/1084579703/22241_308338204960_756424960_3496760_6149160_n_400x400.jpg
1582853809,History In Pictures,HistoryInPics,Sharing the most powerful and entertaining historical photographs ever taken.,,http://bit.ly/Videz,10 Jul 2013,4:00 AM,15265,266,4067961,188,0,false,false,https://pbs.twimg.com/profile_images/723564356693192705/IV1fgh7G_400x400.jpg
15729357,LiveJournal,LiveJournal,"Blurring the lines between blogging and social networking... since '99. Home to over 70 million journals, world-wide.","San Francisco, CA",http://www.livejournal.com,4 Aug 2008,4:19 PM,1533,95,17758,62,4,false,false,https://pbs.twimg.com/profile_images/600708373516931072/joxw0NYu_400x400.png
15919455,WSJ Venture Capital,WSJVC,We cover venture capital and the global startup ecosystem. WSJ Pro Venture Capital is a premium service of @wsj. News tips: vcnews@wsj.com,,http://www.wsj.com/pro/venturecapital,20 Aug 2008,9:29 AM,27207,541,29185,10,17,false,false,https://pbs.twimg.com/profile_images/952869652887166978/H01cjFOh_400x400.jpg
1140801,Scott Raney,sraney,Redpoint Ventures,San Francisco,None,13 Mar 2007,10:51 PM,1029,522,2579,1301,16,false,false,https://pbs.twimg.com/profile_images/711830515/headshot1_400x400.jpg
17611446,Julie Zhuo,joulee,"Product design VP @ Facebook. Author of The Making of a Manager https://amzn.to/2PRwCyW¬†. I love people, words, and food. Join my Q&A mailing list ‚¨áÔ∏è",,http://juliezhuo.com/design/mailinglist.html,24 Nov 2008,7:58 PM,2367,356,68417,3055,46,false,true,https://pbs.twimg.com/profile_images/484097942165663744/V8UbXkuV_400x400.jpeg
533297878,unRÃ∂AÃ∂DÃ∂AÃ∂CÃ∂KÃ∂ted,JesselynRadack,"Dir. of Whistleblower & Source Protection (WHISPeR) at @xposefacts, mom of 3, lawyer, whistleblower, 1st Am absolutist, ethicist, yogi, feminist, commentatrix.",,https://www.youtube.com/channel/UCFGi-6N6QAfPh9uzD-zt-0w,22 Mar 2012,9:56 AM,19879,119,35889,4120,757,false,false,https://pbs.twimg.com/profile_images/378800000438138193/5655adc21dbd0c93b25856fa9c9687ec_400x400.jpeg
132961448,Angela Ahrendts,AngelaAhrendts,"Senior Vice President, Apple Retail. Inspired by great people, great brands and great companies.","California, USA",http://apple.com,14 Apr 2010,9:54 AM,287,149,155849,77,103,false,true,https://pbs.twimg.com/profile_images/734887427135791104/V3y726hl_400x400.jpg
6385432,dick costolo,dickc,,San Francisco,None,28 May 2007,6:26 AM,11568,726,1609591,10328,429,false,true,https://pbs.twimg.com/profile_images/792220014233264128/kpunIYN5_400x400.jpg
12901712,Brian Chesky,bchesky,"Co-founder, CEO, Head of Community @ Airbnb",San Francisco,https://medium.com/@bchesky,30 Jan 2008,9:54 PM,4091,99,294818,1491,113,false,true,https://pbs.twimg.com/profile_images/680250513951084544/yFwa_Sjd_400x400.jpg
44771048,Ron Conway,RonConway,,,http://svangel.com,4 Jun 2009,5:15 PM,735,65,96332,9,74,false,true,https://pbs.twimg.com/profile_images/434350068427018240/BYzAzB94_400x400.jpeg
13,Biz Stone,biz,"Dad, husband, and entrepreneur. Co-founder of Twitter, Medium, and Jelly. Back at Twitter.","San Francisco, CA",https://medium.com/@biz?source=linkShare-b258af3c1e92-1489178124,21 Mar 2006,12:51 PM,7699,1088,2805262,5832,718,false,true,https://pbs.twimg.com/profile_images/1052945328012492801/6YLVnsz-_400x400.jpg
992151,David Hornik,davidhornik,"David Hornik is an investor at August Capital, the author of VentureBlog, & the executive producer of The Lobby Conference.","iPhone: 42.347153,-71.096069",http://www.ventureblog.com,11 Mar 2007,11:34 PM,3595,474,66400,2561,133,false,false,https://pbs.twimg.com/profile_images/628973260776960000/G9yvxSoF_400x400.jpg
6145622,Mike Maples,m2jr,"The woods are lovely, dark and deep,  But I have promises to keep,  And miles to go before I sleep,  And miles to go before I sleep. -Robert Frost",California,http://www.floodgate.com,18 May 2007,12:10 PM,1419,5232,50939,2126,22,false,false,https://pbs.twimg.com/profile_images/1050110974332522496/yw3rIP6d_400x400.jpg
16242081,Ben Horowitz,bhorowitz,"Author of Ben's Blog (http://www.bhorowitz.com¬†) and HarperBusiness book, THE HARD THING ABOUT HARD THINGS http://www.amazon.com/Hard-Thing-About-Things-Building-ebook/dp/B00DQ845EA/ref=sr_1_1¬†‚Ä¶","Menlo Park, CA",http://bhorowitz.com,11 Sep 2008,8:33 AM,5486,312,432222,8032,73,false,true,https://pbs.twimg.com/profile_images/1810942531/ben2_400x400.jpeg
14225267,Drew Houston,drewhouston,Founder/CEO of Dropbox,"San Francisco, CA",http://www.dropbox.com,26 Mar 2008,5:47 AM,416,387,278345,20,16,false,true,https://pbs.twimg.com/profile_images/870068698354114560/40LT6K8l_400x400.jpg
1237411,David Marcus,davidmarcus,"üî≠ Blockchain @Facebook, Board @TippingPoint, part-time investor, formerly led @Messenger, @PayPal & built 3 startups.",,http://www.messenger.com,15 Mar 2007,11:09 AM,4769,556,42310,1948,182,false,true,https://pbs.twimg.com/profile_images/907711725385924608/HL28dj-1_400x400.jpg
16026783,Doug MacMillan,dmac1,Reporter @WSJ covering Google and related websites. Looking for good band names,,https://www.wsj.com/news/author/7902,28 Aug 2008,6:41 AM,5084,3439,37054,4249,216,false,true,https://pbs.twimg.com/profile_images/720372159416107008/0whzYGty_400x400.jpg
416963802,Nick Swardson,NickSwardson,Many Smells Tour announced. Dates at the link.,,http://nickswardson.net,20 Nov 2011,2:39 AM,6146,1760,635862,18433,218,false,true,https://pbs.twimg.com/profile_images/414586453176246272/7lUKhuHx_400x400.jpeg
14130366,Sundar Pichai,sundarpichai,"CEO, Google",,None,11 Mar 2008,10:51 PM,1176,329,2103878,716,76,false,true,https://pbs.twimg.com/profile_images/864282616597405701/M-FEJMZ0_400x400.jpg
6182852,Mike Schroepfer,schrep,CTO @ Facebook,,None,20 May 2007,11:17 AM,86,69,10984,21,0,false,false,https://pbs.twimg.com/profile_images/1429681999/pic_400x400.jpg
14196449,Jack Abraham,jackabraham,"I‚Äôve started 14 companies, sold 2 & angel invested in a few multi billion dollar companies. I am now reinventing how startups are made with Atomic‚Äôs $150M fund.","San Francisco, CA",http://linkedin.com/in/jackabraham,22 Mar 2008,3:12 AM,1466,555,16503,5719,41,false,false,https://pbs.twimg.com/profile_images/995841268793032705/gus8YZAE_400x400.jpg
110075039,Neal Stephenson,nealstephenson,"Author of Snow Crash, Diamond Age, Cryptonomicon, Baroque Cycle, et al.","Seattle, WA",http://nealstephenson.com/,30 Jan 2010,11:14 PM,286,211,61615,31,28,false,false,https://pbs.twimg.com/profile_images/833368263350325251/evtG9HJt_400x400.jpg
817209,David Cohen,davidcohen,Founder and co-CEO at @Techstars. Proud first round investor in startups that are today worth $80B+. Geeky to the bone.,"Boulder, CO",http://www.davidgcohen.com,6 Mar 2007,9:37 PM,11166,396,168973,1345,308,false,true,https://pbs.twimg.com/profile_images/2895068558/acd3335b0d7790a63a815153d62c0e8f_400x400.png
17503180,marissamayer,marissamayer,"Lumi Labs, Yahoo, Google, San Franciscan, Wisconsinite, Geek.","San Francisco, CA",http://marissamayr.tumblr.com/,19 Nov 2008,7:15 PM,1414,350,1654674,209,59,false,true,https://pbs.twimg.com/profile_images/323982494/marissa_new4_400x400.jpg
291807841,Ashley Tait (Hedge),AshleyHedge,"California native living in Sydney. Enthusiastic traveler, reader and wine lover and LinkedIn'er.","Sydney, New South Wales",http://www.linkedin.com/in/ashleyhedge,2 May 2011,10:02 AM,513,429,444,42,12,false,false,https://pbs.twimg.com/profile_images/924760363492524032/TzYYfG1__400x400.jpg
442537652,Arla Gibson Bautista,arlagg,,,None,20 Dec 2011,10:32 PM,158,956,195,305,10,false,false,https://pbs.twimg.com/profile_images/763787090253479938/lKcLfjSt_400x400.jpg
65059785,North Bridge,North_Bridge,North Bridge invests in people & ideas that can disrupt the way we live & work. We turn those ideas into companies and companies into market leaders.,"Waltham, MA / Palo Alto, CA",http://www.northbridge.com,12 Aug 2009,8:13 AM,3659,1723,2672,1808,163,false,false,https://pbs.twimg.com/profile_images/651419105753300992/1ydit1Gj_400x400.jpg
13966212,James Higa,jameshiga,Change in all things is sweet. - Aristotle,Los Gatos,None,25 Feb 2008,1:56 PM,2393,405,1211,621,98,false,false,https://pbs.twimg.com/profile_images/544699937137491969/jk3AzRlA_400x400.png
19908394,Mike Volpi,mavolpi,"Do or do not, there is no try. -Yoda",San Francisco ,http://www.indexventures.com,2 Feb 2009,6:19 AM,1133,322,5539,1316,46,false,false,https://pbs.twimg.com/profile_images/1214492682/IMG_0936_400x400.jpg
83664390,Storm Ventures,stormventures,Storm Ventures is a Silicon Valley based VC firm focused on Building Enterprise Leaders ‚Äì as the first or early investor.,"Menlo Park, California USA",http://www.stormventures.com,19 Oct 2009,11:57 AM,2137,106,3669,918,467,false,false,https://pbs.twimg.com/profile_images/588384196147548160/Aap3TAnK_400x400.jpg
59155055,Trinity Ventures,trinityventures,"Silicon Valley VC investing in early stage tech start-ups. Focus on Social & Mobile Commerce, SaaS, Cloud & Mobile Infrastructure and Digital Media.",Sand Hill Road & Market Street,http://www.trinityventures.com,22 Jul 2009,8:29 AM,4470,1015,8235,1928,280,false,false,https://pbs.twimg.com/profile_images/1054457609548222464/Iv_1WHP7_400x400.jpg
112889546,CRV,CRV,"CRV has been a leading investor in high-growth technology companies for nearly half a century, focusing on enterprise, consumer & bioengineering.","San Francisco and Palo Alto, CA and Cambridge, MA",http://www.crv.com,9 Feb 2010,5:27 PM,2797,633,25481,1224,43,false,false,https://pbs.twimg.com/profile_images/784074364387897345/C4znA669_400x400.jpg
154408880,InterWest Partners,InterWestVC,InterWest is a diversified VC firm that partners with exceptional entrepreneurs to build winning technology and healthcare companies.,"Menlo Park, CA",http://www.interwest.com,10 Jun 2010,9:39 PM,832,85,1702,14,11,false,false,https://pbs.twimg.com/profile_images/1317842070/iw-fb-logo_400x400.png
15248682,Deepak Kamra,DeepakKamra,"VC, biker, bass player",San Francisco,http://www.canaan.com,26 Jun 2008,2:50 PM,795,284,1598,427,35,false,false,https://pbs.twimg.com/profile_images/428379458492321792/FKRHrXNV_400x400.jpeg
78682894,Canaan,canaanpartners,We‚Äôre an early-stage VC firm that invests in entrepreneurs with visionary ideas who want to make a difference in technology and healthcare.,,http://www.canaan.com,30 Sep 2009,12:07 PM,10001,2107,8811,7439,558,false,false,https://pbs.twimg.com/profile_images/889698757985665024/LXlY41Zh_400x400.jpg
38685459,Maha Ibrahim,mahaibrahim,"Mom, VC, tomboy, shoe lover",,http://www.canaan.com,8 May 2009,8:28 AM,689,574,4509,3907,21,false,false,https://pbs.twimg.com/profile_images/378800000331150322/91bc3ef809d92232ec521cd8855cd029_400x400.jpeg
26304269,Norwest,NorwestVP,Norwest is a venture capital and growth equity investment firm managing more than $7.5 billion in capital.,"Palo Alto, CA USA",http://www.nvp.com,24 Mar 2009,12:33 PM,9177,1553,25577,4623,450,false,true,https://pbs.twimg.com/profile_images/902933339262287872/GiMF5kX2_400x400.jpg
293694251,SoundCloud Support,SCsupport,"Need help? Check out our Help Center: http://help.soundcloud.com¬†, our Help Community: http://community.soundcloud.com¬† and our status blog: http://status.soundcloud.com¬†",,http://help.soundcloud.com,5 May 2011,1:13 PM,144997,490,40407,470,65,false,true,https://pbs.twimg.com/profile_images/558284927309848577/ozvZR9p2_400x400.png
168775611,Battery Ventures,BatteryVentures,Global investment firm with thirty-five years of quiet expertise that speaks volumes.,"Silicon Valley, San Francisco, Boston, Israel, London",http://www.battery.com,20 Jul 2010,12:39 PM,4296,1010,49012,1887,461,false,true,https://pbs.twimg.com/profile_images/3622949714/357a7bd0f1215738fc3a530d9b1f1ae1_400x400.png
19720395,Index Ventures,IndexVentures,"Index helps the most ambitious entrepreneurs turn bold ideas into global businesses. We back startups across all stages: seed, venture & growth.","London, San Francisco, Geneva",http://www.indexventures.com,29 Jan 2009,9:03 AM,3807,2518,83400,1208,191,false,false,https://pbs.twimg.com/profile_images/932917494544822272/RKEg2O4o_400x400.jpg
33846451,Accel,Accel,"We partner with exceptional founders with unique insights, from inception through all phases of growth. The team: http://bit.ly/2jAOgSV¬†",,http://www.accel.com,21 Apr 2009,12:54 AM,6831,742,221440,4267,425,false,true,https://pbs.twimg.com/profile_images/793210822759583744/HygDDToa_400x400.jpg
74752350,A C Bader,ACBader,"Principal, Bader Resources LLC; Founder,@IntlCyberDialog ; Fellow, Institute for Statecraft.",Washington DC ,https://www.linkedin.com/in/acbader,16 Sep 2009,8:08 AM,882,512,151,133,17,false,false,https://pbs.twimg.com/profile_images/651064569499095040/N3jYr5gK_400x400.jpg
64844802,a16z,a16z,we invest in software eating the world https://a16z.com/portfolio/¬† https://a16z.com/podcasts/¬† https://a16z.com/videos/¬† http://a16z.com/newsletter¬†,Andreessen Horowitz is a tech VC firm based in Silicon Valley,http://www.a16z.com,11 Aug 2009,3:26 PM,14936,21,323554,6271,44,false,true,https://pbs.twimg.com/profile_images/487366765106565120/jGvHRW6p_400x400.png
142839300,Dan Bilzerian,DanBilzerian,http://www.ignite.co¬†,Vegas/LA,http://www.instagram.com/danbilzerian,11 May 2010,3:27 PM,4552,110,1474424,2212,0,false,true,https://pbs.twimg.com/profile_images/526334387688710145/zXycT5FL_400x400.jpeg
74468143,Roan Kattouw,catrope,Software engineer @Wikimedia. Advisory committee member for @SFElectionsComm. Views are my own.,"San Francisco, CA, USA",None,15 Sep 2009,8:03 AM,5286,208,848,4024,165,false,false,https://pbs.twimg.com/profile_images/847663989437808640/fKmBg_09_400x400.jpg
16956050,Under30CEO,Under30CEO,"Under30CEO is the leading media site covering news, advice, trends & events for the young entrepreneur.",New York,http://Under30CEO.com,24 Oct 2008,1:16 PM,13399,2224,39339,211,125,false,false,https://pbs.twimg.com/profile_images/66799214/u30logo_400x400.jpg
36020201,Rob Coneybeer,robconeybeer,"Founder of Shasta Ventures, a Sand Hill Road based venture capital firm investing in early-stage technology companies.",,http://280.vc,28 Apr 2009,1:16 AM,3014,849,10290,1001,141,false,true,https://pbs.twimg.com/profile_images/378800000570215923/51fa096855fe1799959a1d913256d112_400x400.jpeg
73922084,Entrepreneurship,NYEW,"We Believe #Entrepreneurs Change the World | Fueled by innovative thinking, educational reform and a global community driven to prove they can achieve anything.",Global,https://www.linkedin.com/groups/2431765,13 Sep 2009,9:55 AM,20807,472,62364,15,976,false,false,https://pbs.twimg.com/profile_images/1632282562/Twitter_ICON_400x400.jpg
1636590253,Tim Cook,tim_cook,"Apple CEO Ô£ø Auburn üèà Duke üèÄ National Parks üèûÔ∏è ‚ÄúLife's most persistent and urgent question is, 'What are you doing for others?'‚Äù - MLK",Cupertino,None,31 Jul 2013,3:41 PM,678,60,10950963,1376,285,false,true,https://pbs.twimg.com/profile_images/1035649273721847809/B0f8n_oe_400x400.jpg
11621822,David Folkenflik,davidfolkenflik,"NPR media correspondent || Host of @OnPointRadio from NPR & WBUR  || Author, Murdoch's World","New York, N.Y.",http://MurdochsWorld.com,28 Dec 2007,9:10 PM,38124,1735,84782,11070,329,false,true,https://pbs.twimg.com/profile_images/1032379056354996225/Ymeg15UF_400x400.jpg
523656838,Drew Maness,0x90NOP,"Security enthusiast, hacker, geek, nerd, dweeb.Voight-Kampff Proctor #Infosec. Words/deeds are my own. http://linkedin.com/in/drewmaness/¬†",Dark.Likely to be eaten by Gru,None,13 Mar 2012,1:44 PM,3469,1272,649,3201,179,false,false,https://pbs.twimg.com/profile_images/894895622335025152/6pSh23As_400x400.jpg
29587308,Katie Long,KatiepLong,"Making podcasts @WonderyMedia. Previously @Marketplace, @Slate. Tweets fragments to remember.","Los Angeles, CA",http://katieplong.com,7 Apr 2009,5:16 PM,1694,825,2465,11315,110,false,false,https://pbs.twimg.com/profile_images/645098069495648257/BgSJRRro_400x400.jpg
221843134,Carmen Rita Wong,CarmenSense,"Host/producer ‚ÄòThe Carmen Show: Life, Money + No Apologies‚Äô, author, advocate, former TV host, prof, columnist http://www.thecarmenshow.net¬†",NYC,http://www.carmenritawong.com,1 Dec 2010,11:30 AM,6700,2433,7309,25518,252,false,false,https://pbs.twimg.com/profile_images/1055835953321992192/k_lxsCow_400x400.jpg
14877810,Sunil Nagaraj,sunilnagaraj,Venture capitalist focused on smart hardware and machine learning. Ex-Founder/CEO of Triangulate. I love people. Email sunil (at) http://bvp.com¬†,"Palo Alto, California",http://www.sunilnagaraj.com,22 May 2008,10:07 PM,10267,1649,4702,259,172,false,false,https://pbs.twimg.com/profile_images/852241487026831360/XYyI1btS_400x400.jpg
91693394,PangolinSystems,PangolinSystems,Pangolin helps you create amazing laser shows! We manufacture a variety of laser show systems and offer all the tools needed to bring your laser dreams to life.,"Orlando, FL",http://www.pangolin.com,21 Nov 2009,5:13 PM,1292,332,884,11,134,false,false,https://pbs.twimg.com/profile_images/1044979245720719361/MdCH8YQB_400x400.jpg
17299376,Black Rock Solar,BlackRockSolar,"Black Rock Solar provides low-cost, high-quality clean energy services to clients in the non-profit, public, low-income and educational sectors.","Reno, NV",http://www.blackrocksolar.org,10 Nov 2008,4:50 PM,1677,220,4259,22,55,false,false,https://pbs.twimg.com/profile_images/3705179332/857b21cfa8ad1d1a707f4f46fc93af9b_400x400.png
490023171,Burners.Me,burnersdotme,"Me, Burners & The Man Here's Me: Steemit https://steemit.com/@steveouttrim¬† YouTube https://youtube.com/c/SteveOuttrimCryptoBeast¬†‚Ä¶ Twitter @steveouttrim",,http://www.burners.me,11 Feb 2012,8:30 PM,1996,2120,15029,163,436,false,false,https://pbs.twimg.com/profile_images/1895233748/wicker_man_400x400.jpeg
1017545574,John Pescatore,john_pescatore,I've been working in security for a long time. I've been an amateur radio operator even longer - K3TN.,Somewhere around the Beltway,http://www.sans.org/security-trends,17 Dec 2012,6:09 AM,344,62,962,1,4,false,false,https://pbs.twimg.com/profile_images/3198621335/87589f6a4cb5e43caf5c61d1fde419b5_400x400.jpeg
55562123,Lawrence Orans,lawrenceorans,,,None,10 Jul 2009,6:35 AM,24,24,332,2,0,false,false,https://pbs.twimg.com/profile_images/338785935/Orans_twitter_3_400x400.bmp
15469744,Pablo Gonzalez V,pablogv,Sr.Pago / Rawfoodie / Mayan Warrior,Mexico,http://facebook.com/pablogv2,17 Jul 2008,9:23 AM,449,344,1873,13,46,false,false,https://pbs.twimg.com/profile_images/728725907695751168/JckV7bsv_400x400.jpg
31242464,Ivan O'Sullivan,iosullivan,CRO at Bastille,San Francisco Bay Area,http://www.bastille.io,14 Apr 2009,3:07 PM,589,96,102,21,6,false,false,https://pbs.twimg.com/profile_images/468905208215388160/8rF5z_nR_400x400.jpeg
262263879,Lynette Nusbacher,Nusbacher,"Strategist & Devil's Advocate Military historian.   Member of Surrey Police Independent Advisory Group.",at the strategic level,http://nusbacher.com,7 Mar 2011,10:17 AM,5663,151,3326,547,76,false,false,https://pbs.twimg.com/profile_images/1400200068/blue_tile_face_400x400.jpg
5407372,John Schneider,Schneidfeld,"Husband, Father, Entertainment Executive. I'm Schneidfeld on Instagram so go check that out.","los angeles, ca",None,22 Apr 2007,10:35 AM,4389,1538,985,10992,370,false,false,https://pbs.twimg.com/profile_images/83128712/Abby_Road_Album_Cover_op_800x571_400x400.jpg
17532232,Sarah Johns,sarahjohnsnv,I love to laugh. I love to love. I love wine. Opinions expressed here are my own.  Telegram @SarahJohnsNV,Reno/Lake Tahoe/NorCal,None,20 Nov 2008,10:09 PM,1400,1219,1479,481,222,false,false,https://pbs.twimg.com/profile_images/973991042738343937/GD6llNWM_400x400.jpg
47137212,nullcon,nullcon,"International Security Conference, Training & Exhibition - the neXt security thing! Training: 26th - 28th Feb 2019 Conference: 1st - 2nd March 2019 #Security",India,http://nullcon.net,14 Jun 2009,10:53 AM,5032,1806,10759,1801,716,false,false,https://pbs.twimg.com/profile_images/897164287982137346/EUxq5P5H_400x400.png
473107056,Anonymous Own3r,AnonymousOwn3r,"Supreme Security leader of #Anonymous  (~Official member~) Your system got Owned by Own3r!",Anonymous Official member! ,None,24 Jan 2012,9:02 AM,8523,1158,16995,2677,161,false,false,https://pbs.twimg.com/profile_images/2729482753/b9259830c4413562906715cfca359060_400x400.png
177150329,SCADAhacker,SCADAhacker,"Joel Langill is a experienced automation professional, security consultant & researcher, ICSsec instructor, functional safety engineer, cyber soldier.",,http://www.scadahacker.com,11 Aug 2010,4:14 AM,21999,216,11919,552,120,false,false,https://pbs.twimg.com/profile_images/1193171053/SCADAhacker_logo_hat_400x400.png
18741862,SpiderLabs,SpiderLabs,The elite security team at @Trustwave. Response & Investigations. Analysis & Testing. Research & Development.,Everywhere,https://www.trustwave.com/Resources/SpiderLabs-Blog/,7 Jan 2009,2:24 PM,6033,392,27435,1,72,false,true,https://pbs.twimg.com/profile_images/1074776382050353153/sXG2vHz3_400x400.jpg
11263102,Amr Awadallah ÿπŸÖÿ±Ÿà ÿπŸàÿ∂ ÿßŸÑŸÑŸá ü§ñ,awadallah,"#Cofounder & #CTO at @Cloudera. IG, FB, LI: @awadallah. #machinelearning #artificialintelligence #bigdata #analytics #advancedanalytics #entreprenuer #immigrant","CA, USA",http://www.awadallah.com,17 Dec 2007,12:12 PM,7066,3656,19050,19232,348,false,false,https://pbs.twimg.com/profile_images/993956168778240000/yo-fsoln_400x400.jpg
294711027,PlRATES | ‚ò† | üá¶üá∫,PlRATES,/IR/politics/tech/infosec/seo/web-dev/. You wouldn't download a bear.,rt | likes ‚â† endorsement,None,7 May 2011,9:38 AM,11366,431,3914,9914,260,false,false,https://pbs.twimg.com/profile_images/691316567724789760/M3j9GuJ1_400x400.png
30292481,The Honeynet Project,ProjectHoneynet,"To learn the tools, tactics and motives involved in computer and network attacks, and share the lessons learned.",Worldwide,https://www.honeynet.org,10 Apr 2009,12:32 PM,2450,216,18379,162,159,false,false,https://pbs.twimg.com/profile_images/582417177254334464/BNceiZYA_400x400.png
404136883,Detectify,detectify,"Detectify is a web app vulnerability scanner. We work together with our white hat hacker community, Crowdsource, so you can safely #gohackyourself with us!",Stockholm,https://detectify.com/,3 Nov 2011,7:07 AM,2947,633,4605,2200,997,false,false,https://pbs.twimg.com/profile_images/1028925103868928000/Ob3Hu_H__400x400.jpg
159833624,aeCERT,aeCERT,The United Arab Emirates Computer Emergency Response Team (aeCERT) is the cyber security coordination center in the UAE.,Dubai,http://www.aecert.ae,26 Jun 2010,6:05 AM,3728,258,2149,4,224,false,false,https://pbs.twimg.com/profile_images/1461279073/CERT-logo_twitter_400x400.jpg
241252324,WikiLeaks Press,wlpress,We track coverage of leaks and try to assess their impact on the public historic record.  We tweet work using WikiLeaks' material - scrutinise it carefully!,wlpress@jabber.ccc.de,http://wikileaks-press.org,21 Jan 2011,12:39 PM,6384,502,82896,26,82,false,false,https://pbs.twimg.com/profile_images/1420898751/TwitterLogo-0_400x400.png
69627533,Hacking Exposed,hackingexposed,"The best-selling security book in the world with over 600,000 copies sold and translated in some 30 languages.","Irvine, CA",http://www.hackingexposed.com,28 Aug 2009,9:21 AM,3627,34,22385,44,29,false,false,https://pbs.twimg.com/profile_images/2392103155/zkjp6u13dm8wcfojo98j_400x400.jpeg
24537880,SecureNinja,SecureNinja,"SecureNinja is a Leader in Cybersecurity Training and Services. Follow us for News, Updates, Trade Show Coverage and MORE!",Washington D.C.,http://secureninja.com,15 Mar 2009,8:33 AM,10267,2088,10184,903,919,false,false,https://pbs.twimg.com/profile_images/1236834839/ninja_logo_400x400.jpg
18066440,US-CERT,USCERT_gov,"We respond to major incidents, analyze threats, and exchange critical cybersecurity information with partners around the world.","Washington, DC",http://www.US-CERT.gov,11 Dec 2008,5:33 PM,2555,8,89794,1,5,false,false,https://pbs.twimg.com/profile_images/497410790962380800/dTyGSKKL_400x400.png
25707136,"IOActive, Inc",IOActive,The global leader in research-fueled security and cybersecurity services,Ioactive,http://www.ioactive.com,21 Mar 2009,11:22 AM,6484,2770,11511,1117,252,false,false,https://pbs.twimg.com/profile_images/1039931315766870016/ahOvevDU_400x400.jpg
117439544,DIA,DefenseIntel,"The Defense Intelligence Agency is first in all-source military intelligence in support of warfighters, defense planners, & policymakers.","Washington, DC",http://www.dia.mil,25 Feb 2010,7:31 AM,2092,91,137062,875,552,false,true,https://pbs.twimg.com/profile_images/740874568567377920/CNQIwI--_400x400.jpg
28366439,Jeff Stein,SpyTalker,"NEWSWEEK national security correspondent. Pvsly WaPo, CQ, UPI. More here: https://www.newsweek.com/authors/jeff-stein¬†‚Ä¶ Signal 202-812-3034.","Washington, DC",http://www.newsweek.com/authors/jeff-stein,2 Apr 2009,9:18 AM,36824,5364,30967,14235,295,false,true,https://pbs.twimg.com/profile_images/1572005387/image_400x400.jpg
501637514,Anonymous,crymora,"known as Cry - activist, researcher & part-time troublemaker // 2011-2018",,https://medium.com/@crymora,24 Feb 2012,2:09 AM,6808,245,84216,150,958,false,false,https://pbs.twimg.com/profile_images/841633971519737856/AjIipT_k_400x400.jpg
43071988,Amanda McClure,theAMNDA,"You can laugh in any circumstance, you can survive",SF,None,28 May 2009,1:15 AM,1422,538,466,436,254,false,false,https://pbs.twimg.com/profile_images/743510652237471744/fBoPMhh8_400x400.jpg
30478990,Jim Lippard,lippard,"I like infosec, history and philosophy of science and technology, skepticism.",Phoenix,http://lippard.blogspot.com/,11 Apr 2009,9:53 AM,44444,2806,1884,5398,126,false,false,https://pbs.twimg.com/profile_images/378800000089875746/d05c09699558137149364a90292f675c_400x400.jpeg
25607541,dotan nahum,jondot,CTO @ Como. programmer. designer. entrepreneur. guitar player.,,http://blog.paracode.com,20 Mar 2009,5:26 PM,1519,265,1142,95,83,false,false,https://pbs.twimg.com/profile_images/1181955409/nd_400x400.png
23402705,Late Night Alumni,latenightalumni,"Tidal Wave is out now! LNA is Becky Jean Williams, John Hancock, Ryan Raddon aka Kaskade & Finn Bjarnson",West Coast USA,https://song.link/tidalwave,8 Mar 2009,9:40 PM,1452,108,8558,1467,390,false,true,https://pbs.twimg.com/profile_images/1059927753036689409/LMbxq5Ld_400x400.jpg
5943942,SoundCloud,SoundCloud,Where your fave rappers go to snap. #SCFIRST,Berlin,http://bit.ly/2GOSV0n,10 May 2007,4:53 PM,16582,20701,2354409,5880,942,false,true,https://pbs.twimg.com/profile_images/1054775529201696769/u4Xt7sb8_400x400.jpg
259857773,23 Liquor,23LiquorStore,"Open 24 Hours 7 Days a Week Open EVERY Holiday Delivery Available 3163 West Hallandale Beach Blvd  Hallandale, FL 33009 954-967-0612","Hallandale, FL 33009",http://www.23liquor.com,2 Mar 2011,10:55 AM,361,1670,2681,9,156,false,false,https://pbs.twimg.com/profile_images/2967119462/c5ba9c305374f0baf1eaa16a82c425ea_400x400.jpeg
263933005,IDENTITY,IDENTITYfest,"OFFICIAL Twitter of IDENTITY, which was the first ever touring electronic only festival from 2011-12.",nationwide,http://www.IDFestival.com,10 Mar 2011,4:59 PM,3726,119,10560,7,316,false,false,https://pbs.twimg.com/profile_images/2849058048/4b7483707e4bc405f5c358c0a0ea082c_400x400.jpeg
159708091,porter robinson,porterrobinson,ig: porterrobinson aka @virtual_self,,None,25 Jun 2010,8:42 PM,14969,783,635480,21108,889,false,true,https://pbs.twimg.com/profile_images/1002573999530913792/cBvCcuy0_400x400.jpg
144789094,REPUBLIQ CLUB,RepubliqClub,We run the night.,"Manila, Philippines",http://www.republiqclub.com,17 May 2010,2:05 AM,2659,658,24158,184,491,false,false,https://pbs.twimg.com/profile_images/412541925753749504/4H8IzjPO_400x400.jpeg
272950920,Tom Swoon,TomSwoon,OUT NOW - BESIDE ME üòä http://tomswoon.com/besideme¬† üé∂ http://instagram.com/tomswoon¬† http://tomswoon.com/spotify¬†,Poland,http://www.tomswoon.com,27 Mar 2011,7:22 AM,46,620,66570,6478,97,false,true,https://pbs.twimg.com/profile_images/934008517912092672/LLftE15T_400x400.jpg
51023224,London Belongs To Me,LondonBelongs_,"London food, drink, music, books, art, culture, travel. By award-winning team @Kentishtowner @Belowtheriver @GasholderLDN @Leytonstoner @weekendr1 @eustontowner",Global,http://www.londonbelongstome.info,26 Jun 2009,4:38 AM,5745,23201,69061,46,157,false,false,https://pbs.twimg.com/profile_images/669464357022130176/TYVKzbHC_400x400.jpg
23733354,Dirty South,dirtysouth,USA & Canada Bookings: Julian@thebullittagency.com / Arash@thebullittagency.com /// ROW Bookings: Ben@radiusartists.com ///// Album XV out now...link üëáüèº,"Melbourne, Australia",http://smarturl.it/PHAZD004B,10 Mar 2009,11:57 PM,340,337,423335,6545,639,false,true,https://pbs.twimg.com/profile_images/1061397980782125056/-pkjaKz2_400x400.jpg
18181482,DJ Scotty Boy,djscottyboy,"House Music DJ & Producer ‚Ä¢ 3 Billboard Dance Club #1 Singles ‚Ä¢ Label: @FyaskoMusic ‚Ä¢ Music, Tour Dates & Booking: http://www.ScottyBoy.com¬†","Los Angeles, CA",http://www.ScottyBoy.com,16 Dec 2008,7:50 PM,12653,3810,36483,11634,895,false,true,https://pbs.twimg.com/profile_images/814359472994848768/RylVfNyE_400x400.jpg
823486369,John Dish,John_Dish,"Bookings Central & South America: cesar@insane.com.co, USA, Europe & Asia: jc@insane.com.co  Promo: johndish.promo@gmail.com",Medellin,http://www.facebook.com/johndishofficial,14 Sep 2012,8:25 AM,2147,660,4970,1198,50,false,false,https://pbs.twimg.com/profile_images/510868863484170240/64XYoPoL_400x400.jpeg
23016199,Nadia Ali,NadiaAli,"Certified organic, grass fed, song bird.",New York | Los Angeles,https://soundcloud.com/hyllsmusic/timeless-2,5 Mar 2009,6:18 PM,5996,23,135032,41,522,false,true,https://pbs.twimg.com/profile_images/651845206174633984/0KUG7Aor_400x400.jpg
394116664,Pete Smalls,DJPeteSmalls,Beatport CTO ; DJ ; Melody maker,Wherever the good times are,http://www.petesmalls.com,19 Oct 2011,9:02 AM,205,87,96,1,7,false,false,https://pbs.twimg.com/profile_images/1596478228/PsmallsLogoBlue_BLK_700x700_400x400.jpg
14749606,Dropbox,Dropbox,Keep teams flowing with Dropbox. Need support? Head to @DropboxSupport.,"San Francisco, CA",https://www.dropbox.com/flow,12 May 2008,1:54 PM,5084,82,4467568,5348,789,false,true,https://pbs.twimg.com/profile_images/1051892646090862592/AyUnSWDF_400x400.jpg
25617125,Wouter,Wouter_N,Industrial and Mechanical Engineer,,None,20 Mar 2009,6:36 PM,9,351,55,152,5,false,false,https://pbs.twimg.com/profile_images/972088973748183040/jo0qr8fh_400x400.jpg
117886603,Rogier van der Heide,rogiervdheide,"Thought leader on strategic design, open innovation, design & business. Also http://til2018.com¬†","√úT: 51.498725,-0.435583",http://www.rogiervanderheide.com,26 Feb 2010,3:15 PM,3918,491,3334,24,577,false,false,https://pbs.twimg.com/profile_images/1585471932/rogiervanderheide059small_bw_400x400.jpg
22790881,briankrebs,briankrebs,"Independent investigative journalist. Writes about cybercrime. Author of 'Spam Nation', a NYT bestseller. Wrote for The Washington Post '95-'09",The Underweb,None,4 Mar 2009,7:57 AM,14324,1343,240255,1962,338,false,true,https://pbs.twimg.com/profile_images/514861596489699328/vK2q0IV2_400x400.png
53086294,Doug Gross,doug_gross,Editor at Patch. Formerly Web/tech reporter for CNN. Rain dog. Space cowboy. Pop culture vulture. RTs = canon.,"Newtown, PA via The ATL",http://patch.com/users/doug-gross,2 Jul 2009,8:03 AM,9519,1435,4663,16308,344,false,true,https://pbs.twimg.com/profile_images/1019749596262797319/XKpun9iJ_400x400.jpg
6642152,Dina Bass,dinabass,"Bloomberg News Tech Reporter, Mom, Music Lover, Liverpool FC Fan. Opinions are my own... or my evil twin's.",Seattle,None,7 Jun 2007,7:37 AM,55857,8324,17153,11703,189,false,true,https://pbs.twimg.com/profile_images/1862695614/3196257202_9008ddc29f__4__400x400.jpg
41003633,Greylock Partners,GreylockVC,We are company builders and investors. We partner with consumer and enterprise software entrepreneurs.,Silicon Valley,http://www.greylock.com,18 May 2009,4:51 PM,6410,809,196160,3329,115,false,true,https://pbs.twimg.com/profile_images/488805819744391168/WtmSJ00E_400x400.png
24775410,Sequoia,sequoia,"From idea to IPO and beyond, Sequoia helps the daring build legendary companies.","Menlo Park, CA",https://seq.vc/newsletter,16 Mar 2009,2:38 PM,5357,1055,487801,4021,497,false,true,https://pbs.twimg.com/profile_images/961361318346309632/Fm78RnKw_400x400.jpg
901963182,Philips Hue,tweethue,"There‚Äôs more to light than illumination, with Philips Hue you can experience it all. Experience the best in connected lighting and get ready to turn on living.",,http://www.meethue.com,24 Oct 2012,7:50 AM,63910,2630,58987,5646,672,false,true,https://pbs.twimg.com/profile_images/908300893006700544/GEX3kIE5_400x400.jpg
14109827,Bob Buch,bobbuch,"Manifest CEO, former Digg exec, startup founder, father, guitar strummer, surfer, bike rider, optimist.",San Francisco,http://www.bobbuch.com,9 Mar 2008,3:24 PM,666,239,1401,25,43,false,false,https://pbs.twimg.com/profile_images/421407177798991872/NWnBSLMp_400x400.jpeg
267265444,Paul Vixie,paulvixie,"DEC, PAIX, MAPS, MIBH, Abovenet/MFN, ISC, BIND, Cron, BSD, DNS, Farsight Security, SIE, DNSDB","La Honda, California",http://www.redbarn.org/,16 Mar 2011,9:24 AM,3959,142,6490,2291,92,false,false,https://pbs.twimg.com/profile_images/437276776838885378/fR5Z1q4e_400x400.jpeg
19347651,Miike Snow,MiikeSnow,iii iii iii,Sweden/NYC,http://www.facebook.com/miikesnow,22 Jan 2009,8:57 AM,1134,379,73321,514,208,false,true,https://pbs.twimg.com/profile_images/702918274737025024/_52j-Ow9_400x400.jpg
63110814,Plump DJs,plumpdjs,Music Producer/DJ - NEW SINGLE/REMIX & MIX http://www.punksmusic.com/¬† & http://plumpdjs.co.uk/¬† bookings -abel@fingerlickin.co.uk,London - England,http://plumpdjs.co.uk/,5 Aug 2009,4:56 AM,5004,1495,13900,3638,170,false,false,https://pbs.twimg.com/profile_images/1056973600400515072/Y-gSypqB_400x400.jpg
15040234,Molly,mollstar,Co-Founder of @NEATMethod. Lover of @ryangraves and puns.,"San Francisco, CA",None,7 Jun 2008,11:04 AM,1546,235,1147,135,369,false,false,https://pbs.twimg.com/profile_images/3343561945/a56fd17528e846da95156ef8b68d018e_400x400.jpeg
19103481,Uber,Uber,Helping millions of people move towards opportunity every day in over 600 cities around the world.  Have a request? See @Uber_Support.  #DoorsAreAlwaysOpening,Global,http://uber.com,16 Jan 2009,10:37 PM,15315,380,961229,2042,908,false,true,https://pbs.twimg.com/profile_images/1045783102000230400/TPLLaqYR_400x400.jpg
27814665,GV,GVteam,GV provides venture capital funding to bold new companies.,,http://gv.com,30 Mar 2009,9:36 PM,2420,331,565930,59,185,false,true,https://pbs.twimg.com/profile_images/1020048037987549190/-WNi0_hm_400x400.jpg
37572301,Jeff Vier,boingr,Makes stuff.  Plays bass guitar poorly.  Races crap can cars. Hugs dogs. Sometimes takes pictures.,"Fairview, CA",http://jeffvier.com,3 May 2009,7:29 PM,2442,399,273,237,299,false,false,https://pbs.twimg.com/profile_images/614449728038825984/mQ5e7klZ_400x400.jpg
227519814,Maricar Ba√±a,mnbana,"Neurological ICU RN with a love for psychology, technology, music, creativity, travel, food & strong libations","San Francisco, CA",None,16 Dec 2010,5:44 PM,611,228,424,57,105,false,false,https://pbs.twimg.com/profile_images/725037686646407168/qdbWeHj9_400x400.jpg
89050838,Surrender Nightclub,SurrenderVegas,Exquisite indoor/outdoor nightlife venue at Wynn Las Vegas offering superior service and world-class entertainment. 702.770.7300 Snapchat: SurrenderLV,"Las Vegas, NV",http://SurrenderNightclub.com,10 Nov 2009,3:21 PM,67,107,73630,1220,810,false,true,https://pbs.twimg.com/profile_images/639887324378177538/p8ejjbma_400x400.jpg
21971827,Felix Da Housecat,TheeRealFDHC,Founders Of Filth Managment/Bookings Dan@xmixproductions.com,,http://www.foundersoffilth.com,25 Feb 2009,8:46 PM,12717,460,105251,3335,361,false,true,https://pbs.twimg.com/profile_images/940953498606276608/3CcKO0s1_400x400.jpg
12217,Tom Conrad,tconrad,"Spent some time helping make @pandoramusic, @snapchat, & @apple. Now on the board @sonos but mostly working on learning new things.","West Hollywoord, CA",None,12 Nov 2006,11:43 PM,6327,711,159965,9368,185,false,true,https://pbs.twimg.com/profile_images/927329013600739328/u1X663rF_400x400.jpg
18948541,Seth MacFarlane,SethMacFarlane,"The Official Twitter Page of Seth MacFarlane - ""THE ORVILLE"" Thursdays at 9/8c on Fox",Los Angeles,http://www.facebook.com/pages/Seth-MacFarlane/14105972607?ref=ts,13 Jan 2009,11:04 AM,8369,434,14332708,1,740,false,true,https://pbs.twimg.com/profile_images/477598819715395585/g0lGqC_J_400x400.jpeg
14173084,Current,current,Current makes a debit card + app for families with teens.   For support please email support@current.com from the email you used to create your account.,,https://l.current.com/TW,18 Mar 2008,3:35 PM,662,4337,581066,738,176,false,true,https://pbs.twimg.com/profile_images/991051453329498112/WxBuDIII_400x400.jpg
24693705,NERVO,nervomusic,,,http://nervomusic.com,16 Mar 2009,6:55 AM,8864,39,1077665,4179,994,false,false,https://pbs.twimg.com/profile_images/1039937742250156033/tsxXPZJA_400x400.jpg
34464376,Swedish House Mafia,swedishousemfia,SHM is ‚Ä¢ Axwell @Axwell ‚Ä¢ Sebastian Ingrosso @Ingrosso ‚Ä¢ Steve Angello @SteveAngello,Sweden,None,22 Apr 2009,5:39 PM,230,3,2200169,2577,233,false,true,https://pbs.twimg.com/profile_images/1047183942640705536/TMpuxA3V_400x400.jpg
14109423,Mike Maser,mmaser,CEO of Big Sky Health - we make the  Fasting App Zero. Life-long explorer.,"San Francisco, CA",http://www.fitstar.com,9 Mar 2008,1:58 PM,2476,521,2304,1478,104,false,false,https://pbs.twimg.com/profile_images/1295575207/Picture_28_reasonably_small_400x400.png
15208246,WIRED Business,WIREDBusiness,"The business of the future. We are @scottthurm, @parismartineau, @klintron, @issielapowsky, @nitashatiku, @tsimonite.",New York / San Francisco,http://www.wired.com/business/,23 Jun 2008,8:41 AM,11917,298,767660,238,228,false,true,https://pbs.twimg.com/profile_images/572853501827358720/Z89dHBJ5_400x400.png
163935706,Larry Flynt,ImLarryFlynt,Official twitter account of Larry Flynt: American Icon. First Amendment Defender. Founder & Publisher of HUSTLER Magazine.,,None,7 Jul 2010,9:52 AM,655,74,50370,716,106,false,true,https://pbs.twimg.com/profile_images/700080002306428930/BLly4wQu_400x400.png
46279037,Wolfgang Gartner,wolfganggartner,üßõüèª‚Äç‚ôÇÔ∏è vampire wolf üê∫,"Los Angeles, CA",http://www.wolfganggartner.com,10 Jun 2009,6:22 PM,16591,433,327092,3716,582,false,true,https://pbs.twimg.com/profile_images/1059064082190364673/Y038XwM5_400x400.jpg
14143533,Jeff Hodsdon,jhodsdon,I enjoy taking a photo,Brooklyn,http://jeffhodsdon.com,13 Mar 2008,4:38 PM,8248,532,8896,1343,918,false,false,https://pbs.twimg.com/profile_images/684397524279521281/1SREzjnD_400x400.jpg
1068831,Slashdot,slashdot,"Slashdot News Feed. News for Nerds, Stuff that Matters. #tech #news #technews #linux #apple #google #msft #space #hardware #cryptocurrency #crypto #bitcoin",San Francisco,https://slashdot.org/,12 Mar 2007,9:57 PM,88380,121,232861,685,92,false,true,https://pbs.twimg.com/profile_images/848347394169294848/eRpJ_vCl_400x400.jpg
27476141,Tim Bergling,Avicii,My new EP Avƒ´ci is out now: https://avicii.lnk.to/AVICI¬†,Stockholm / Los Angeles,http://www.avicii.com,29 Mar 2009,11:37 AM,3095,170,2012244,151,402,false,true,https://pbs.twimg.com/profile_images/893114729232703488/38XkoS0__400x400.jpg
20751786,Prohibition Restaurant and Speakeasy,prohibition303,"A night at Prohibition is a night complete with elegant food, exciting atmosphere, and a lively second story cocktail bar.",,https://www.prohibitionmiami.com/,12 Feb 2009,10:15 PM,3488,5495,43556,21,269,false,false,https://pbs.twimg.com/profile_images/1060582320514641920/OnZbKLph_400x400.jpg
18948706,cyberwar,cyberwar,"Author, lecturer, consultant",right here,http://www.amazon.com/There-Will-Be-Cyberwar-Network-Centric/dp/0985460784/ref=sr_1_5?s=books&ie=UTF,13 Jan 2009,11:09 AM,11715,61332,65775,8268,223,false,false,https://pbs.twimg.com/profile_images/609426789736255488/rPFdye4j_400x400.jpg
12287342,John Linney,realjohn,,San Francisco,http://robotsabove.com,15 Jan 2008,9:02 AM,282,144,65,12,7,false,false,https://pbs.twimg.com/profile_images/816691763268071424/TIn5OiUB_400x400.jpg
13783772,Fresh Air,nprfreshair,"Fresh Air with Terry Gross. Peabody Award-winning interviews on arts & issues. Tweets by Associate Producer for Digital Media, Molly Seavy-Nesper @Nindoonjibaa","Philadelphia, PA",http://freshair.npr.org,21 Feb 2008,11:20 AM,25023,1493,271299,12965,596,false,true,https://pbs.twimg.com/profile_images/921394261957988353/DTHVGlMw_400x400.jpg
24626424,ashwin navin,ashwinnavin,"#entrepreneur #investor Cofounded @samba_tv, BitTorrent, Epoch @io Ventures. Raisin cookies that look like chocolate chip is the reason for my trust issues.","San Francisco, CA",http://www.ashwinnavin.com,15 Mar 2009,6:35 PM,1111,541,2375,929,87,false,false,https://pbs.twimg.com/profile_images/481299549252640769/hbI24twn_400x400.jpeg
25521487,daniel tosh,danieltosh,not a doctor,beach,http://www.danieltosh.com/,20 Mar 2009,8:32 AM,13876,135,26178299,2,129,false,true,https://pbs.twimg.com/profile_images/218283715/Daniel-Tosh---Shot_2-12976_400x400.gif
14639310,bradmurphy,bradmurphy,,"San Francisco, CA",None,3 May 2008,9:42 AM,258,282,778,380,24,false,false,https://pbs.twimg.com/profile_images/516622453804515329/Yd8hskFn_400x400.jpeg
271725689,Samantha Bee,iamsambee,Alleged humorist.,New York,None,24 Mar 2011,7:17 PM,1648,839,517343,361,119,false,true,https://pbs.twimg.com/profile_images/1286116233/huntersam_400x400.jpg
8953722,Chris Hutchins,hutchins,"Founder/CEO of Grove (http://hellogrove.com¬†). Former Investor turned EIR at Google Ventures, co-founder at Milk, rock climber, street food lover and avid traveler.",San Francisco,http://chrishutchins.com,18 Sep 2007,8:40 AM,4045,401,7356,2217,138,false,false,https://pbs.twimg.com/profile_images/2912330651/91c068d4677b63971d74687efe9c7f9e_400x400.jpeg
765758318,Ashley Crocker,gowerflight1,Gower Flight Centre. Flying school located at Swansea Airport. Flights around Gower from ¬£59. Call 0845 521 3129 http://www.gowerflightcentre.co.uk¬†,Swansea Airport,None,18 Aug 2012,7:03 AM,215,646,578,14,117,false,false,https://pbs.twimg.com/profile_images/2721363066/56ba99fc5792605cd25f6e336eb31c63_400x400.jpeg
17396212,Darya Rose üçÖ,summertomato,"Author of Foodist & creator of Summer Tomato, one of TIME's 50 Best Websites. Also a neuroscience Ph.D, SF foodist, former dieter, & soulmate to @kevinrose.",,http://summertomato.com,14 Nov 2008,1:27 PM,16070,1316,52715,15384,759,false,true,https://pbs.twimg.com/profile_images/2787524861/784ab63d23ee356b110b956f2f4bcef2_400x400.jpeg
6112082,Courtney Guertin,courtstarr,"SF by way of MN. Co-Founder @easecentral, @kiip, & @eightbit. Investor & inspired by many of you.","San Francisco, CA",http://easecentral.com,17 May 2007,8:54 AM,13318,807,3816,18431,632,false,false,https://pbs.twimg.com/profile_images/2827928913/1ebf313626d89b611e73294763e62f52_400x400.png
15624151,Doug Dalton,ddalton,"Proprietor of Bourbon & Branch, Rickhouse, Swig, Cask, Local Edition, The Lark, Pagan Idol, Devils Acre, Tupper and Reed, Tradition & Snagtickets","San Francisco, ca",http://bit.ly/ddalton2017,27 Jul 2008,2:44 PM,3607,1725,2035,1061,270,false,false,https://pbs.twimg.com/profile_images/618551858047483904/n6NMkqej_400x400.jpg
2205921,Rob DeMillo,UberRob,CTO at @NimbleCollectiv - Venture Partner at @SparkLabsGlobal. Fortunate to have been CTO/SVP at a number of successful digital media and mobile companies.,San Francisco,http://about.me/robdemillo,25 Mar 2007,1:41 PM,9248,1982,1701,794,161,false,false,https://pbs.twimg.com/profile_images/1012260211183276033/onF2GYzE_400x400.jpg
2774,Opie,akraut,"Info Security Geek, Gentoo Maestro, DJ, Emergency Manager, Granola Lover","40.691212,-89.529325",http://opie.at/,21 Jul 2006,11:43 AM,9951,715,1433,84,82,false,false,https://pbs.twimg.com/profile_images/14074582/Avatar-icon-48_400x400.jpg
15026484,DEMO,DEMOtweets,Follow news about the DEMO conference and Alumni. DEMO is the Launch Pad for Emerging Technology and trends.,USA,http://demo.com/community/?q=DEMOblog,5 Jun 2008,9:35 PM,1921,2234,2767,5,31,false,false,https://pbs.twimg.com/profile_images/57178115/DEMOlogo_48x_400x400.gif
52444738,StateoftheInternet,State_Internet,"http://StateoftheInternet.com¬†, brought to you by Akamai, provides an informed view into online connectivity and cybersecurity trends as well as related metrics.",In The Cloud,http://www.stateoftheinternet.com,30 Jun 2009,9:42 AM,2148,1942,7054,21,87,false,true,https://pbs.twimg.com/profile_images/547462252958212096/4gxa6lVr_400x400.png
18625669,Calvin Harris,CalvinHarris,Music producer üè¥Û†ÅßÛ†Å¢Û†Å≥Û†Å£Û†Å¥Û†Åø,,None,4 Jan 2009,10:17 PM,1011,3350,12841858,4911,321,false,true,https://pbs.twimg.com/profile_images/1072271727755911170/rf3k2Mw9_400x400.jpg
14130107,Glenn McKenna,glennmc,"Video Producer, Editor & Camera Op.",San Francisco,http://www.dirtsalad.com/,11 Mar 2008,9:41 PM,1218,128,13691,11,131,false,false,https://pbs.twimg.com/profile_images/486649358/G_Crop_400x400.jpg
16461070,Ryan Vance,ryanvance,"Chief Content Officer @Tonal. Has made lots of TV shows and digital video. Loves music, technology and creativity, lucky to be married to @tiamimosf!",San Francisco,http://about.me/ryanvance,25 Sep 2008,5:50 PM,9812,575,5192,3967,541,false,false,https://pbs.twimg.com/profile_images/3061558465/8db6e42cf714169223f2dbe1c31d9263_400x400.jpeg
19016347,James Alexander Levy,jamtoday,Put that coffee down.,"San Francisco, CA",None,15 Jan 2009,1:24 AM,1571,609,413,16,52,false,false,https://pbs.twimg.com/profile_images/71247533/james_albumface_400x400.jpg
16144104,Mike van Hoenselaar,MikevHoenselaar,Founder @escaperooms_NL & @boswachters. Strong believer in Full Stack Marketing! Loves Growth Hacking & Online Marketing #escaperoom #growthhacking,"Limburg, Nederland/Netherlands",http://vruc.ht/obmike,5 Sep 2008,7:18 AM,50415,3110,4808,17854,570,false,false,https://pbs.twimg.com/profile_images/3451148241/e112b3075cd3f4148c05e4e7ab136c02_400x400.jpeg
14889220,Paul Fisher,paul_fisher,Subverter of suburban living. Founder - @30_acres,Probably Byron Bay or Sydney,http://30acres.com,24 May 2008,12:50 AM,2327,574,559,98,29,false,false,https://pbs.twimg.com/profile_images/950960677736267776/bqMPJu08_400x400.jpg
20,Ev Williams,ev,"hangin‚Äô tough, stayin‚Äô hungry","San Francisco, CA, US",http://medium.com/,21 Mar 2006,1:02 PM,8186,1021,1812776,4546,198,false,true,https://pbs.twimg.com/profile_images/637828066664837121/1SC7FXli_400x400.jpg
71390929,Kris Foster,transitorykris,Sr. Dir. Engineering @Fastly. üçÅ in SF. @transitorytammy @_nomchompsky. transitorykris.eth,San Francisco,None,3 Sep 2009,4:24 PM,6650,484,534,2014,289,false,false,https://pbs.twimg.com/profile_images/515723658279387136/yJsxnSo4_400x400.jpeg
123445586,Renee Teeley,rteeley,Chief Evangelist @powtoon and host of Video Marketing for Startups. Previously @brightcove and @ooyala I‚Äôm focused on #contentmarketing and #videomarketing,San Francisco,http://www.ffwdstudios.com,15 Mar 2010,8:43 PM,830,596,633,905,90,false,false,https://pbs.twimg.com/profile_images/712069069634011138/CyOXAhce_400x400.jpg
19398459,iWeb Technologies,iweb,"Hosting Experts Since 1996 - Dedicated Servers - Cloud - Colocation. Tweets in English, Fran√ßais & Espa√±ol","Montr√©al, Canada",http://www.iweb.com,23 Jan 2009,7:33 AM,8944,4186,12024,476,418,false,true,https://pbs.twimg.com/profile_images/887016310001020934/iPoYD9fM_400x400.jpg
52483687,Gilles Sigouin,gsigouin,"Passionate about technology and images (still or moving).  First one haunts my head, second takes my soul, the two comes together at my job!",,None,30 Jun 2009,11:58 AM,454,75,59,2,45,false,false,https://pbs.twimg.com/profile_images/3636841402/9f708c7535d49216b82a82bbfdc15339_400x400.jpeg
170114678,Ronn Brashear,MagicRonn,,"San Jose, CA",http://www.samhaine.com,23 Jul 2010,5:01 PM,29,75,69,16,0,false,false,https://pbs.twimg.com/profile_images/1137042700/TwitterIcon_400x400.JPG
30364057,Sarah Silverman,SarahKSilverman,we're on a planet in outer space,state of Palestine ,http://youtube.com/sarahsilverman,10 Apr 2009,6:28 PM,13684,1355,12552804,21921,889,false,true,https://pbs.twimg.com/profile_images/869453546298646528/BAgmD_Vn_400x400.jpg
31319824,Kristen Everman,kevermantweets,"TV Producer & Head of Development @SwimComp. Fmrly: @TheRundownBET, @fullfrontalsamb, @fusion, @difficultonhulu, @thedailyshow. Views-R-mine!",New York...,https://www.swimsuitcompetition.com/,14 Apr 2009,8:00 PM,2699,1539,3362,514,109,false,false,https://pbs.twimg.com/profile_images/915004436686229504/Sc_Snnmp_400x400.jpg
16164337,Jenna Kim Jones,jennakimjones,COMEDIAN! Married to @TheHashtagAL. Listen to my podcast @SNSwithJKJ and hear my comedy on @siriusxmcomedy @siriusxm!,"Atlanta, GA",http://www.jennakimjones.com,6 Sep 2008,7:21 PM,1030,559,15510,14137,232,false,true,https://pbs.twimg.com/profile_images/1144455554/Jenna_3148_400x400.jpg
130922325,Kristen Schaal,kristenschaaled,"Comedian, actress, writer.",New York,None,8 Apr 2010,11:57 AM,8535,602,942371,3360,412,false,true,https://pbs.twimg.com/profile_images/809978370/Photo_38_400x400.jpg
15888142,Olivia Munn,oliviamunn,,Los Angeles,http://voicesinaction.org,17 Aug 2008,8:26 PM,8256,687,820020,2163,869,false,true,https://pbs.twimg.com/profile_images/1008874125081772032/fwz9ngkF_400x400.jpg
84357656,Jill Baum,Lady_JillB,Laugh or cry trying.,,None,22 Oct 2009,8:56 AM,317,738,1164,129,17,false,false,https://pbs.twimg.com/profile_images/1262134481/cute_kitten_weee__400x400.jpg
104297366,Hallie Haglund,HallieHaglund,"Executive Producer, Wyatt Cenac‚Äôs Problem Areas. (@WCPAonHBO)",,None,12 Jan 2010,2:49 PM,1017,416,13286,451,44,false,false,https://pbs.twimg.com/profile_images/863168366231437312/s2sPenWF_400x400.jpg
87969610,Rory Albanese,RoryAlbanese,"Stand Up Comedian, Contributor on The Nightly Show w/ Larry Wilmore until it was canceled, I grew up at The Daily Show with Jon Stewart. Patriot.",,http://www.roryalbanese.com/media/,6 Nov 2009,7:59 AM,92,1419,55846,11031,60,false,true,https://pbs.twimg.com/profile_images/1021289950745104384/6Apz8DUa_400x400.jpg
30065770,aasif mandvi,aasif,,New York,http://sakinasrestaurantplay.com,9 Apr 2009,1:57 PM,5984,263,153615,1605,330,false,true,https://pbs.twimg.com/profile_images/746317509041733632/AB88j3aA_400x400.jpg
19355561,Stacey Vanek Smith,svaneksmith,"New Yorker, Idahoan, story-seeker,  radio-maker, co-host of @TheIndicator from @Planetmoney on @NPR. Formerly @Marketplace svaneksmith@npr.org",New York,None,22 Jan 2009,11:26 AM,6280,2337,12398,5679,73,false,true,https://pbs.twimg.com/profile_images/814203258801508352/4I8xZpMn_400x400.jpg
93023732,Harland Williams,HarlandWilliams,"Hi folks, it's me... actor, comedian, podcaster, Harland Williams",Planet Scorch,http://harlandwilliams.com,27 Nov 2009,10:42 AM,4497,13,30713,2786,418,false,true,https://pbs.twimg.com/profile_images/597407777745719296/V8hhwDvI_400x400.jpg
12984202,Mike Loukides,mikeloukides,"VP Content Strategy, O'Reilly Media, pianist, ham radio op",usually in Connecticut,https://www.oreilly.com/people/1b7da-mike-loukides,2 Feb 2008,9:01 AM,25538,399,6726,34,494,false,false,https://pbs.twimg.com/profile_images/422107375/CIMG0917_400x400.jpg
2384071,Tim O'Reilly,timoreilly,"Founder and CEO, O'Reilly Media. Watching the alpha geeks, sharing their stories, helping the future unfold.","Oakland, CA",http://tim.oreilly.com,26 Mar 2007,6:14 PM,45788,1952,1807744,12884,714,false,true,https://pbs.twimg.com/profile_images/2823681988/f4f6f2bed8ab4d5a48dea4b9ea85d5f1_400x400.jpeg
51233328,Joseph Menn,josephmenn,"Personal account for author of true cyber thriller Fatal System Error + Napster bio All the Rave, now doing investigative security stories at Reuters. Open dms.","California, mostly.",None,26 Jun 2009,2:28 PM,7287,1090,7456,8935,28,false,false,https://pbs.twimg.com/profile_images/443367927/lowered_res_400x400.jpg
16704920,mercilessflirt,mercilessflirt,a @MsHerr production,"Phoenix, AZ ",http://mercilessflirt.com,11 Oct 2008,10:16 PM,1034,300,223,54,10,false,false,https://pbs.twimg.com/profile_images/61762453/merciless_flirt_avatar_400x400.jpg
16994420,David Wang,planetbeing,"Co-Founder of @corelliumhq. Security Researcher. Formerly of evad3rs, iPhone Dev Team, iPhone Linux.",,https://planetbei.ng,26 Oct 2008,11:40 PM,1357,116,167307,33,18,false,false,https://pbs.twimg.com/profile_images/762370621065994240/3rHjHzZn_400x400.jpg
4828761,Matt Marshall,mmarshall,"Founder, @VentureBeat",San Francisco,https://venturebeat.com,15 Apr 2007,9:25 PM,345,172,13436,1,2,false,true,https://pbs.twimg.com/profile_images/735537210296963072/skK-8Pzl_400x400.jpg
24794561,Commonwealth Club,cwclub,"We are a non-profit, non-partisan public forum for the exploration of important topics of the day. We put you face to face with today's thought leaders.","Bay Area, California",http://www.commonwealthclub.org,16 Mar 2009,4:26 PM,10917,1708,11329,4501,987,false,true,https://pbs.twimg.com/profile_images/905888048734285824/nwgnisfg_400x400.jpg
23824070,Ravi Sundararajan,rsundararajan,"Chief Operating Officer, Webaroo (GupShup). Wine, Golf, Business incubation, Leadership and Innovation enthusiast. Foodie. Traveler.",San Francisco Bay Area,http://www.webaroo.com/about,11 Mar 2009,1:31 PM,68,102,139,15,11,false,false,https://pbs.twimg.com/profile_images/522142491227611136/3cS3pv6J_400x400.jpeg
3840,jason ü¶Ñü¶Ñü¶Ñü¶Ñü¶Ñü¶Ñ,Jason,"Angel: @uber @thumbtack @wealthfront @datastax @robinhoodapp @desktopmetal @calm @inside @launch http://angelthebook.com¬† Hong Kong, Jan 25 Sydney, June 17-20",94107,http://www.thisweekinstartups.com,5 Aug 2006,4:31 PM,1893,8501,296129,68608,913,false,true,https://pbs.twimg.com/profile_images/617072171760783361/DrAcc7EV_400x400.jpg
14362821,patricknward,patricknward,"Partner @104West, Denver's leading high tech PR firm, father of LDs, old movie buff, old man lacrosse player","Denver, CO",http://www.104west.com,11 Apr 2008,10:28 AM,5047,685,424,5068,149,false,false,https://pbs.twimg.com/profile_images/875103652511272960/w04qp14f_400x400.jpg
17756687,mitchferro,mitchferro,,,None,30 Nov 2008,8:17 AM,908,886,174,2022,8,false,false,https://pbs.twimg.com/profile_images/2755228610/3386a4f2068c98cbe9435febef1dbc00_400x400.jpeg
14062869,davidcowan,davidcowan,"Space & Cyber VC @BessemerVP: Skybox, Twitch, LinkedIn, RocketLab, Spire, Twilio, Zapier. Trustee: Center4Inquiry. Singer, VoicesInHarmony. Cowriter Bubbleproof","Menlo Park, CA",http://WhoHasTimeForThis.com,29 Feb 2008,4:30 PM,3374,486,25840,1018,234,false,false,https://pbs.twimg.com/profile_images/781733443440750592/_zQheq6-_400x400.jpg
9316032,James Cham ‚úçüèª,jamescham,"@bloombergbeta investing in elegant tools for a more civilized age, of the San Gabriel Valley, part of a long process of approximation, like troublesome people","Palo Alto, CA",http://about.me/jamescham,8 Oct 2007,1:38 PM,9188,2390,6977,15016,298,false,false,https://pbs.twimg.com/profile_images/866076040795377665/HrOKZA9w_400x400.jpg
59166197,Bessemer,BessemerVP,"The world‚Äôs most experienced early-stage venture firm investing in consumer, enterprise, and healthcare technology startups. 122 IPOs to date!",,http://www.bvp.com,22 Jul 2009,9:10 AM,8857,914,68706,7794,676,false,true,https://pbs.twimg.com/profile_images/326676039/BVP_400x400.jpg
8646172,Ethan Kurzweil,ethankurz,I heart entrepreneurs. Partner @BessemerVP. Investor @Twitch @Twilio @Intercom @Sendgrid @PagerDuty @PeriscopeCo @npmjs @ViewTheSpace. Views randomly generated.,,https://www.bvp.com/team/ethan-kurzweil,4 Sep 2007,7:46 AM,5272,296,18744,1477,212,false,true,https://pbs.twimg.com/profile_images/33800282/P1010066_400x400.jpg
14413075,Alex Albrecht,alexalbrecht,"Head of Original Production (http://Caffeine.tv¬†) - Creator of stuff, 1/2hourhappyhr/Diggnation/TRS/ (http://hhwaa.libsyn.com/rss/¬†)","Los Angeles, CA",http://alexalbrecht.com,16 Apr 2008,2:21 PM,6096,158,82579,119,294,false,true,https://pbs.twimg.com/profile_images/589508443439964160/M92hoSM0_400x400.jpg
2800521,Jim Louderback,jlouderb,"GM @VidCon.  Web video pioneer. Former CEO @Revision3, EIC @pcmag, editorial director TechTV.",San Francisco,http://www.louderback.com,28 Mar 2007,11:55 PM,3270,1074,18032,93,141,false,true,https://pbs.twimg.com/profile_images/429615069/my_head_small_400x400.jpg
14596798,Martin Sargent,martinsargent,I am Internet.,Old Fog Town,http://www.martinsargent.com,29 Apr 2008,10:57 PM,1711,180,19949,150,156,false,false,https://pbs.twimg.com/profile_images/2578425357/lzmf61d40jeawft88e6e_400x400.png
635543,Daniel Burka,dburka,Director of design at Resolve to Save Lives. On the board of Laboratoria. Previously a design partner at Google Ventures.,,http://simple.org,15 Jan 2007,7:22 AM,8856,583,52549,34695,511,false,true,https://pbs.twimg.com/profile_images/935275565753409537/qbTWIif4_400x400.jpg
6070882,Heather Lynne Herr,MsHerr,"Social Media Producer at @RightThisMinute, co-produced #ChevyMontage, runner, motorcycle rider, booklover, whiskey drinker, goofball. I grew up in NM boonies.","Phoenix, AZ",http://www.rightthisminute.com/people/heather,15 May 2007,12:37 PM,33757,920,2921,698,843,false,false,https://pbs.twimg.com/profile_images/839849005496459264/TuH7N0O9_400x400.jpg
14761795,Chris Anderson,TEDchris,"Head of TED. Dreamer. Most days an optimist. TED = free talks on the web in Technology, Entertainment, Design & ideas worth spreading",New York City,http://www.ted.com,13 May 2008,10:36 AM,4868,589,1620984,133,120,false,true,https://pbs.twimg.com/profile_images/743087473119617024/dGDRL2BU_400x400.jpg
689273,Cisco Umbrella,CiscoUmbrella,Cisco Umbrella (formerly OpenDNS) provides the first line of defense against threats on the internet wherever users go. Tech support: umbrella-support@cisco.com,San Francisco,https://umbrella.cisco.com,23 Jan 2007,2:10 PM,9831,6153,32789,1640,985,false,true,https://pbs.twimg.com/profile_images/979482655564578817/ubcoYV7F_400x400.jpg
13209562,Amanda Joy,AmandaJoyFit,Digital & Social Media junkie | Army Wife | Lover of Fitness Organic & Healthy Living Opinions are my own,,http://amandajoyfitness.com,7 Feb 2008,8:17 AM,425,187,114,1,29,false,false,https://pbs.twimg.com/profile_images/48713402/719521521_l_400x400.jpg
14480405,4chan,4chan,News and status updates from http://4chan.org¬†.,,http://www.4chan.org,22 Apr 2008,2:02 PM,269,1,169896,1,28,false,true,https://pbs.twimg.com/profile_images/653902598/logo-twitter_400x400.png
9085532,Valleywag,Valleywag,Silicon Valley's tech gossip rag. Read us when you're not too busy changing the world.,,http://valleywag.com/,24 Sep 2007,11:35 PM,8234,3,17862,91,17,false,false,https://pbs.twimg.com/profile_images/378800000694144446/62ba3ae45e152d5269cb8ba037039e8d_400x400.png
37570179,Michael Arrington,arrington,Be Excellent To Each Other,"Palo Alto, CA",http://www.arringtonxrpcapital.com,3 May 2009,7:20 PM,13976,2048,228570,13737,249,false,true,https://pbs.twimg.com/profile_images/793816606287667200/198lNz9B_400x400.jpg
14118444,TWiT Live,twitlive,Watch round the clock tech news and information with Leo Laporte and friends.,"TWiT Petaluma, California, USA",http://twit.tv/live,10 Mar 2008,4:07 PM,11787,33095,80165,128,121,false,false,https://pbs.twimg.com/profile_images/2230146304/TWiT_as_specd_400x400.png
23642490,HostPuppy.net,HostPuppy,Offering FREE Linux AND Windows Hosting!! No Banner Ads - No Catch! Visit http://www.HostPuppy.net¬† Today! Woof!,USA,http://www.HostPuppy.net,10 Mar 2009,12:54 PM,7446,1223,1269,9,0,false,false,https://pbs.twimg.com/profile_images/92104973/hostpuppy-logo-blue_400x400.png
18302589,hostingnews,hostingnews,Web Hosting News,Online Servers,http://www.hostingcoupons.org,21 Dec 2008,10:44 PM,15793,1346,280,1,0,false,false,https://abs.twimg.com/sticky/default_profile_images/default_profile_400x400.png
14502632,techstartups,techstartups,"tech, startups, blockchain, cryptocoins, venture capital, health, and humor.",Silicon Valley,None,23 Apr 2008,4:13 PM,17204,49360,42948,2549,90,false,false,https://pbs.twimg.com/profile_images/72509054/gse_multipart11744_400x400.jpg
14808390,TheTechNewsBlog,thetechnewsblog,An independent blog about technology & the tech news industry.,The Internet,http://thetechnewsblog.com,16 May 2008,11:06 PM,8862,69,15263,2,25,false,false,https://pbs.twimg.com/profile_images/1093065494/Twitter_TTNB_400x400.jpg
816214,Sarah Lane,sarahlane,"Co-host, Daily Tech News Show and Have Such A Good Day. Producer, Unfinished Biz. Omnipresent.","Los Angeles, CA",http://patreon.com/DTNS,6 Mar 2007,2:45 PM,18128,858,93857,1788,465,false,true,https://pbs.twimg.com/profile_images/931668465726849024/WjJsgp5j_400x400.jpg
40004246,Martin Hannigan,TheIcelandGuy,#Internet #edge #deepedge #DCRE leadership. #interconnection #IXP expert. #Patriots fan. Avid skier. Founder of @openix @deepedgetech. Opinions are mine.,Massachusetts,None,14 May 2009,7:29 AM,6253,435,1114,4552,289,false,false,https://pbs.twimg.com/profile_images/922251873557647360/oxtBW9xj_400x400.jpg
3829151,"Leo Laporte, Chief TWiT and The Tech Guy",leolaporte,"Podcaster, broadcaster and tech pundit. The Tech Guy on Premiere radio (https://techguylabs.com¬†). Chief TWiT at https://TWiT.tv¬† https://leolaporte.keybase.pub¬†","Petaluma, CA USA",http://www.leolaporte.com,8 Apr 2007,4:34 PM,7504,2939,561703,618,241,false,true,https://pbs.twimg.com/profile_images/1004756468690587654/iyCdztbv_400x400.jpg
791124,David Prager,dlprager,"General Partner @monstro_vc, Partner @monstro_tv. Junior Partner of @iaminamaria",San Francisco,http://www.monstro.vc,23 Feb 2007,9:10 AM,8341,641,29876,2896,565,false,true,https://pbs.twimg.com/profile_images/717749102159618048/hqAnQmXx_400x400.jpg
3094401,Jay Adelson,jayadelson,"General Partner, Center Electric",San Francisco,http://cen.vc,31 Mar 2007,6:52 PM,2543,448,20010,428,86,false,false,https://pbs.twimg.com/profile_images/589862337059823616/e-460tZD_400x400.jpg
657863,Kevin Rose ‚õ©,kevinrose,,,http://www.kevinrose.com/about,17 Jan 2007,4:43 PM,11657,919,1637821,3440,565,false,true,https://pbs.twimg.com/profile_images/926134858929152002/x_9SLoX9_400x400.jpg
14895174,NANOG,nanog,North American Network Operators' Group,Everywhere,http://www.nanog.org,24 May 2008,5:31 PM,954,23,4752,46,75,false,false,https://pbs.twimg.com/profile_images/1071130591758675968/znEnEuk2_400x400.jpg
6114312,ughhh not again,brianshaler,malarkey and discontent,,None,17 May 2007,10:11 AM,27535,237,6921,1482,581,false,false,https://pbs.twimg.com/profile_images/976860530190311425/iex8EZgc_400x400.jpg
14607904,BitGravity,bitgravity,,"Burlingame, CA 94010",http://www.bitgravity.com,30 Apr 2008,4:56 PM,108,38,543,5,0,false,false,https://pbs.twimg.com/profile_images/889693946/bg_twitterlogo_400x400.gif
5908682,„ç∂,perryclarke,Software proctologist. UNIX hacker since Version 6. Mobile hacker since WAP. Lightroom enthusiast.,"Sunny Gilroy, CA",http://www.riding.net,9 May 2007,12:01 PM,2774,1442,254,26696,264,false,false,https://pbs.twimg.com/profile_images/870873285835214853/jjloXC5W_400x400.jpg
14502745,jeff rizzo,jeffrizzo,I enjoy things.  Also stuff.,San Francisco,http://rizzoandself.blogspot.com/,23 Apr 2008,4:21 PM,4572,450,515,3194,189,false,false,https://pbs.twimg.com/profile_images/706262224411631616/wkV-IS56_400x400.jpg
14983817,Nathan Hickson,nullrouten,Silicon Valley Geek / Runner / PhotoNerd / Pilot / Diver / Dad,California,None,2 Jun 2008,12:23 PM,122,173,181,8,8,false,false,https://pbs.twimg.com/profile_images/574609400851136512/WadfKU6o_400x400.jpeg
15263757,kethier,kethier,Editor of the Data Protection Weekly; IT-Harvest,,None,28 Jun 2008,8:33 AM,100,119,25,218,7,false,false,https://pbs.twimg.com/profile_images/1044703063989276672/JODgP_2o_400x400.jpg
14817425,K.E.N.,newtonke,Moss Beach Hippy,"√úT: 33.352023,-111.793563",None,17 May 2008,8:35 PM,1547,527,149,285,30,false,false,https://pbs.twimg.com/profile_images/58160874/IMG_4460_400x400.JPG
11855222,Richard Stiennon,stiennon,"Author, lecturer, consultant. Querying Curmudgeon.",,http://www.amazon.com/There-Will-Be-Cyberwar-Network-Centric/dp/0985460784,4 Jan 2008,1:50 PM,9220,46294,47202,2138,76,false,false,https://pbs.twimg.com/profile_images/3367458809/585f7035cd873579764f21484a168121_400x400.jpeg
6015962,Mark Rebec,markrebec,"I engineer software for software engineers. Currently floating. Formerly @zozi, @instacart, @graphicly, @gdgt and @revision3.",,http://blendcast.fm,13 May 2007,1:47 PM,2851,315,851,442,20,false,false,https://pbs.twimg.com/profile_images/799075872363794432/nDoI8uZf_400x400.jpg
5837982,Ed Crump,icedawn,,,None,7 May 2007,10:03 AM,111,63,55,15,0,false,false,https://pbs.twimg.com/profile_images/445382029262077952/KoHU0Frd_400x400.jpeg
18067274,Dean Casalena,deancasalena,Engineering and engineering leadership,,http://dean.casa,11 Dec 2008,6:12 PM,1245,608,559,500,58,false,false,https://pbs.twimg.com/profile_images/868329272473255936/gWL_XTP8_400x400.jpg
